/*M!999999\- enable the sandbox mode */ 
INSERT INTO `roles` (`id`, `name`, `display_name`, `description`, `color`, `icon`, `is_active`, `created_at`, `updated_at`) VALUES (1,'super_admin','Super Administrador','Acceso completo al sistema','#DC2626','shield',1,'2025-08-04 03:00:01','2025-08-04 03:00:01'),
(2,'admin','Administrador','Gestión general del sistema','#7C3AED','settings',1,'2025-08-04 03:00:01','2025-08-04 03:00:01'),
(3,'facturador','Facturador','Gestión de facturación y pedidos','#059669','file-text',1,'2025-08-04 03:00:01','2025-08-04 03:00:01'),
(4,'cartera','Cartera','Gestión de pagos y validaciones','#0891B2','credit-card',1,'2025-08-04 03:00:01','2025-08-04 03:00:01'),
(5,'logistica','Logística','Gestión de envíos y logística','#EA580C','truck',1,'2025-08-04 03:00:01','2025-08-04 03:00:01'),
(6,'empaque','Empaque','Gestión de empaque y preparación','#7C2D12','package',1,'2025-08-04 03:00:01','2025-08-04 03:00:01'),
(7,'mensajero','Mensajero','Gestión de entregas','#16A34A','bike',1,'2025-08-04 03:00:01','2025-08-04 03:00:01'),
(8,'vendedor','Vendedor','Gestión de ventas','#2563EB','user-check',1,'2025-08-04 03:00:01','2025-08-04 03:00:01'),
(9,'supervisor','Supervisor','Supervisión de procesos','#9333EA','eye',1,'2025-08-04 03:00:01','2025-08-04 03:00:01'),
(10,'contabilidad','Contabilidad','Gestión contable y financiera','#BE123C','calculator',1,'2025-08-04 03:00:01','2025-08-04 03:00:01');
INSERT INTO `permissions` (`id`, `name`, `display_name`, `description`, `module`, `action`, `resource`, `created_at`) VALUES (1,'view_dashboard','Ver Dashboard','Acceso al panel principal','dashboard','view','all','2025-08-04 03:00:01'),
(2,'view_analytics','Ver Analíticas','Ver estadísticas y reportes','dashboard','view','analytics','2025-08-04 03:00:01'),
(3,'view_orders','Ver Pedidos','Ver lista de pedidos','orders','view','all','2025-08-04 03:00:01'),
(4,'view_own_orders','Ver Propios Pedidos','Ver solo pedidos propios','orders','view','own','2025-08-04 03:00:01'),
(5,'create_orders','Crear Pedidos','Crear nuevos pedidos','orders','create','all','2025-08-04 03:00:01'),
(6,'edit_orders','Editar Pedidos','Modificar pedidos existentes','orders','edit','all','2025-08-04 03:00:01'),
(7,'delete_orders','Eliminar Pedidos','Eliminar pedidos','orders','delete','all','2025-08-04 03:00:01'),
(8,'change_order_status','Cambiar Estado Pedidos','Modificar estado de pedidos','orders','edit','status','2025-08-04 03:00:01'),
(9,'assign_orders','Asignar Pedidos','Asignar pedidos a usuarios','orders','edit','assignment','2025-08-04 03:00:01'),
(10,'view_users','Ver Usuarios','Ver lista de usuarios','users','view','all','2025-08-04 03:00:01'),
(11,'create_users','Crear Usuarios','Crear nuevos usuarios','users','create','all','2025-08-04 03:00:01'),
(12,'edit_users','Editar Usuarios','Modificar usuarios','users','edit','all','2025-08-04 03:00:01'),
(13,'delete_users','Eliminar Usuarios','Eliminar usuarios','users','delete','all','2025-08-04 03:00:01'),
(14,'manage_roles','Gestionar Roles','Asignar y quitar roles','users','manage','roles','2025-08-04 03:00:01'),
(15,'view_wallet','Ver Cartera','Acceso a gestión de cartera','wallet','view','all','2025-08-04 03:00:01'),
(16,'validate_payments','Validar Pagos','Validar pagos de clientes','wallet','validate','payments','2025-08-04 03:00:01'),
(17,'reject_payments','Rechazar Pagos','Rechazar pagos','wallet','reject','payments','2025-08-04 03:00:01'),
(18,'view_logistics','Ver Logística','Acceso a gestión logística','logistics','view','all','2025-08-04 03:00:01'),
(19,'process_logistics','Procesar Logística','Procesar envíos','logistics','process','all','2025-08-04 03:00:01'),
(20,'generate_guides','Generar Guías','Generar guías de envío','logistics','create','guides','2025-08-04 03:00:01'),
(21,'view_packaging','Ver Empaque','Acceso a gestión de empaque','packaging','view','all','2025-08-04 03:00:01'),
(22,'process_packaging','Procesar Empaque','Procesar empaque de pedidos','packaging','process','all','2025-08-04 03:00:01'),
(23,'view_billing','Ver Facturación','Acceso a facturación','billing','view','all','2025-08-04 03:00:01'),
(24,'create_invoices','Crear Facturas','Crear nuevas facturas','billing','create','invoices','2025-08-04 03:00:01'),
(25,'siigo_integration','Integración SIIGO','Gestionar integración con SIIGO','billing','manage','siigo','2025-08-04 03:00:01'),
(26,'view_config','Ver Configuración','Ver configuración del sistema','config','view','all','2025-08-04 03:00:01'),
(27,'edit_config','Editar Configuración','Modificar configuración','config','edit','all','2025-08-04 03:00:01'),
(28,'view_reports','Ver Reportes','Acceso a reportes','reports','view','all','2025-08-04 03:00:01'),
(29,'export_data','Exportar Datos','Exportar información','reports','export','all','2025-08-04 03:00:01');
INSERT INTO `role_permissions` (`id`, `role_id`, `permission_id`, `granted_at`, `granted_by`) VALUES (1,1,23,'2025-08-04 03:00:01',NULL),
(2,1,24,'2025-08-04 03:00:01',NULL),
(3,1,25,'2025-08-04 03:00:01',NULL),
(4,1,26,'2025-08-04 03:00:01',NULL),
(5,1,27,'2025-08-04 03:00:01',NULL),
(6,1,1,'2025-08-04 03:00:01',NULL),
(7,1,2,'2025-08-04 03:00:01',NULL),
(8,1,18,'2025-08-04 03:00:01',NULL),
(9,1,19,'2025-08-04 03:00:01',NULL),
(10,1,20,'2025-08-04 03:00:01',NULL),
(11,1,3,'2025-08-04 03:00:01',NULL),
(12,1,4,'2025-08-04 03:00:01',NULL),
(13,1,5,'2025-08-04 03:00:01',NULL),
(14,1,6,'2025-08-04 03:00:01',NULL),
(15,1,7,'2025-08-04 03:00:01',NULL),
(16,1,8,'2025-08-04 03:00:01',NULL),
(17,1,9,'2025-08-04 03:00:01',NULL),
(18,1,21,'2025-08-04 03:00:01',NULL),
(19,1,22,'2025-08-04 03:00:01',NULL),
(20,1,28,'2025-08-04 03:00:01',NULL),
(21,1,29,'2025-08-04 03:00:01',NULL),
(22,1,10,'2025-08-04 03:00:01',NULL),
(23,1,11,'2025-08-04 03:00:01',NULL),
(24,1,12,'2025-08-04 03:00:01',NULL),
(25,1,13,'2025-08-04 03:00:01',NULL),
(26,1,14,'2025-08-04 03:00:01',NULL),
(27,1,15,'2025-08-04 03:00:01',NULL),
(28,1,16,'2025-08-04 03:00:01',NULL),
(29,1,17,'2025-08-04 03:00:01',NULL),
(32,2,9,'2025-08-04 03:00:01',NULL),
(33,2,8,'2025-08-04 03:00:01',NULL),
(34,2,24,'2025-08-04 03:00:01',NULL),
(35,2,5,'2025-08-04 03:00:01',NULL),
(36,2,11,'2025-08-04 03:00:01',NULL),
(37,2,7,'2025-08-04 03:00:01',NULL),
(38,2,13,'2025-08-04 03:00:01',NULL),
(39,2,27,'2025-08-04 03:00:01',NULL),
(40,2,6,'2025-08-04 03:00:01',NULL),
(41,2,12,'2025-08-04 03:00:01',NULL),
(42,2,29,'2025-08-04 03:00:01',NULL),
(43,2,20,'2025-08-04 03:00:01',NULL),
(44,2,19,'2025-08-04 03:00:01',NULL),
(45,2,22,'2025-08-04 03:00:01',NULL),
(46,2,17,'2025-08-04 03:00:01',NULL),
(47,2,25,'2025-08-04 03:00:01',NULL),
(48,2,16,'2025-08-04 03:00:01',NULL),
(49,2,2,'2025-08-04 03:00:01',NULL),
(50,2,23,'2025-08-04 03:00:01',NULL),
(51,2,26,'2025-08-04 03:00:01',NULL),
(52,2,1,'2025-08-04 03:00:01',NULL),
(53,2,18,'2025-08-04 03:00:01',NULL),
(54,2,3,'2025-08-04 03:00:01',NULL),
(55,2,4,'2025-08-04 03:00:01',NULL),
(56,2,21,'2025-08-04 03:00:01',NULL),
(57,2,28,'2025-08-04 03:00:01',NULL),
(58,2,10,'2025-08-04 03:00:01',NULL),
(59,2,15,'2025-08-04 03:00:01',NULL),
(63,3,8,'2025-08-04 03:00:01',NULL),
(64,3,24,'2025-08-04 03:00:01',NULL),
(65,3,5,'2025-08-04 03:00:01',NULL),
(66,3,6,'2025-08-04 03:00:01',NULL),
(67,3,25,'2025-08-04 03:00:01',NULL),
(68,3,23,'2025-08-04 03:00:01',NULL),
(69,3,1,'2025-08-04 03:00:01',NULL),
(70,3,3,'2025-08-04 03:00:01',NULL),
(78,4,17,'2025-08-04 03:00:01',NULL),
(79,4,16,'2025-08-04 03:00:01',NULL),
(80,4,1,'2025-08-04 03:00:01',NULL),
(81,4,3,'2025-08-04 03:00:01',NULL),
(82,4,15,'2025-08-04 03:00:01',NULL),
(85,5,9,'2025-08-04 03:00:01',NULL),
(86,5,8,'2025-08-04 03:00:01',NULL),
(87,5,20,'2025-08-04 03:00:01',NULL),
(88,5,19,'2025-08-04 03:00:01',NULL),
(89,5,22,'2025-08-04 03:00:01',NULL),
(90,5,1,'2025-08-04 03:00:01',NULL),
(91,5,18,'2025-08-04 03:00:01',NULL),
(92,5,3,'2025-08-04 03:00:01',NULL),
(93,5,21,'2025-08-04 03:00:01',NULL),
(100,6,8,'2025-08-04 03:00:01',NULL),
(101,6,22,'2025-08-04 03:00:01',NULL),
(102,6,1,'2025-08-04 03:00:01',NULL),
(103,6,3,'2025-08-04 03:00:01',NULL),
(104,6,21,'2025-08-04 03:00:01',NULL),
(107,7,8,'2025-08-04 03:00:01',NULL),
(108,7,1,'2025-08-04 03:00:01',NULL),
(109,7,4,'2025-08-04 03:00:01',NULL);
INSERT INTO `role_views` (`id`, `role_id`, `view_name`, `is_visible`, `sort_order`, `custom_config`, `created_at`, `updated_at`) VALUES (1,1,'dashboard',1,1,NULL,'2025-08-04 03:00:01','2025-08-04 03:00:01'),
(2,1,'orders',1,2,NULL,'2025-08-04 03:00:01','2025-08-04 03:00:01'),
(3,1,'users',1,3,NULL,'2025-08-04 03:00:01','2025-08-04 03:00:01'),
(4,1,'billing',1,4,NULL,'2025-08-04 03:00:01','2025-08-04 03:00:01'),
(5,1,'wallet',1,5,NULL,'2025-08-04 03:00:01','2025-08-04 03:00:01'),
(6,1,'logistics',1,6,NULL,'2025-08-04 03:00:01','2025-08-04 03:00:01'),
(7,1,'packaging',1,7,NULL,'2025-08-04 03:00:01','2025-08-04 03:00:01'),
(8,1,'reports',1,8,NULL,'2025-08-04 03:00:01','2025-08-04 03:00:01'),
(9,1,'config',1,9,NULL,'2025-08-04 03:00:01','2025-08-04 03:00:01'),
(10,2,'dashboard',1,1,NULL,'2025-08-04 03:00:01','2025-08-04 03:00:01'),
(11,2,'orders',1,2,NULL,'2025-08-04 03:00:01','2025-08-04 03:00:01'),
(12,2,'users',1,3,NULL,'2025-08-04 03:00:01','2025-08-04 03:00:01'),
(13,2,'billing',1,4,NULL,'2025-08-04 03:00:01','2025-08-04 03:00:01'),
(14,2,'wallet',1,5,NULL,'2025-08-04 03:00:01','2025-08-04 03:00:01'),
(15,2,'logistics',1,6,NULL,'2025-08-04 03:00:01','2025-08-04 03:00:01'),
(16,2,'packaging',1,7,NULL,'2025-08-04 03:00:01','2025-08-04 03:00:01'),
(17,2,'reports',1,8,NULL,'2025-08-04 03:00:01','2025-08-04 03:00:01'),
(18,3,'dashboard',1,1,NULL,'2025-08-04 03:00:01','2025-08-04 03:00:01'),
(19,3,'orders',1,2,NULL,'2025-08-04 03:00:01','2025-08-04 03:00:01'),
(20,3,'billing',1,3,NULL,'2025-08-04 03:00:01','2025-08-04 03:00:01'),
(21,4,'dashboard',1,1,NULL,'2025-08-04 03:00:01','2025-08-04 03:00:01'),
(22,4,'orders',1,2,NULL,'2025-08-04 03:00:01','2025-08-04 03:00:01'),
(23,4,'wallet',1,3,NULL,'2025-08-04 03:00:01','2025-08-04 03:00:01'),
(24,5,'dashboard',1,1,NULL,'2025-08-04 03:00:01','2025-08-04 03:00:01'),
(25,5,'orders',1,2,NULL,'2025-08-04 03:00:01','2025-08-04 03:00:01'),
(26,5,'logistics',1,3,NULL,'2025-08-04 03:00:01','2025-08-04 03:00:01'),
(27,5,'packaging',1,4,NULL,'2025-08-04 03:00:01','2025-08-04 03:00:01'),
(28,6,'dashboard',1,1,NULL,'2025-08-04 03:00:01','2025-08-04 03:00:01'),
(29,6,'orders',1,2,NULL,'2025-08-04 03:00:01','2025-08-04 03:00:01'),
(30,6,'packaging',1,3,NULL,'2025-08-04 03:00:01','2025-08-04 03:00:01'),
(31,7,'dashboard',1,1,NULL,'2025-08-04 03:00:01','2025-08-04 03:00:01'),
(32,7,'orders',1,2,NULL,'2025-08-04 03:00:01','2025-08-04 03:00:01');
INSERT INTO `delivery_methods` (`id`, `code`, `name`, `description`, `active`, `sort_order`, `created_at`, `updated_at`) VALUES (1,'recoge_bodega','Recoge en Bodega','El cliente recoge el pedido directamente en la bodega',1,1,'2025-08-04 02:59:48','2025-08-04 02:59:48'),
(2,'domicilio','Domicilio local','Entrega a domicilio en la ciudad',1,2,'2025-08-04 02:59:48','2025-08-11 02:05:00'),
(3,'nacional','Nacional','Envío a nivel nacional',1,3,'2025-08-04 02:59:48','2025-08-04 02:59:48'),
(4,'mensajeria_urbana','Mensajería Urbana','Entrega rápida dentro del área metropolitana',1,4,'2025-08-04 02:59:48','2025-08-04 02:59:48');
INSERT INTO `system_config` (`id`, `config_key`, `config_value`, `description`, `data_type`, `created_by`, `updated_by`, `created_at`, `updated_at`) VALUES (1,'company_name','PERLAS EXPLOSIVAS COLOMBIA SAS','Nombre de la empresa','string',NULL,NULL,'2025-08-10 06:26:06','2025-08-10 06:26:06'),
(2,'siigo_username','{\"encrypted\":\"8f7a15c80b2b1d67336ab53b95e58f417834101ceaccbca2e12faf91d907dd\",\"iv\":\"5ecec997ff290e6a26acb3f3a6d9a3c2\",\"authTag\":\"16917eeca8413cdd69fe3fddb1f14d89\"}','Usuario de SIIGO','string',NULL,NULL,'2025-08-10 06:26:06','2025-10-15 16:35:43'),
(3,'siigo_access_key','{\"encrypted\":\"1dbdcd04c8986c3ed2ab8de9f8ba1c9cae18b4031e9f21a64caef4353bd2180de27350f0b3f5b29e8c8af14bd91e148d07f8e04ac5ccedfe8f6217a9b8558c56\",\"iv\":\"37c4fd95152726e357dbc903d75f1ea5\",\"authTag\":\"2992c76440d4b69bfaaff14b639c224e\"}','Clave de acceso SIIGO','string',NULL,NULL,'2025-08-10 06:26:06','2025-10-15 16:35:43'),
(4,'schema_created_at','2025-08-10 01:26:06','Fecha de creación del esquema','string',NULL,NULL,'2025-08-10 06:26:06','2025-08-10 06:26:06'),
(5,'siigo_start_date','2025-12-07','Configuración siigo_start_date','string',NULL,11,'2025-08-10 06:46:09','2025-12-10 20:46:09'),
(6,'siigo_start_date_enabled','true','Configuración siigo_start_date_enabled','string',NULL,11,'2025-08-10 06:46:09','2025-12-10 20:46:09'),
(9,'cartera_base_balance','0','Saldo base inicial de caja de Cartera','string',NULL,13,'2025-11-15 14:41:10','2025-11-22 17:18:21'),
(10,'truck_sender','{\"name\":\"PERLAS EXPLOSIVAS COLOMBIA SAS\",\"nit\":\"901749888\",\"phone\":\"3105244298\",\"address\":\"Calle 50 # 31-46\",\"city\":\"Medellín\",\"department\":\"Antioquia\",\"email\":\"logistica@perlas-explosivas.com\"}','Configuración truck_sender','string',NULL,14,'2025-11-21 17:41:21','2025-12-24 20:55:54'),
(11,'cartera_deposit_tolerance','300','Tolerancia (COP) para diferencia entre consignación y suma asignada a facturas','string',NULL,NULL,'2025-11-24 13:53:36','2025-11-24 13:53:36'),
(12,'siigo_tax_iva_id','8095','ID impuesto IVA 19% de SIIGO (auto-detectado)','number',NULL,NULL,'2025-11-27 06:56:41','2025-11-27 06:56:41'),
(13,'siigo_iva_rate','19','Tasa IVA detectada (%)','number',NULL,NULL,'2025-11-27 06:56:41','2025-11-27 12:59:08'),
(14,'siigo_prices_include_tax','true','Precios incluyen IVA (auto-config)','boolean',NULL,NULL,'2025-11-27 06:56:41','2025-11-27 12:59:08'),
(16,'siigo_use_prices_from_siigo','false','Usar SIIGO como única fuente de precios por producto','boolean',NULL,NULL,'2025-11-27 07:43:45','2025-11-27 12:59:08'),
(17,'siigo_shipping_product_code','FL01','Código de producto/servicio de flete (SIIGO)','string',NULL,NULL,'2025-11-27 07:43:45','2025-11-27 12:59:08'),
(30,'cartera_withdrawal_approval_threshold','200000','Umbral (COP) que requiere aprobación de admin para retiros de efectivo en Cartera','string',NULL,NULL,'2025-11-27 23:24:59','2025-11-27 23:24:59'),
(31,'autosync_stock_interval_minutes','20',NULL,'string',NULL,NULL,'2025-12-02 15:41:20','2025-12-02 15:57:19'),
(32,'siigo_updates_interval_minutes','15',NULL,'string',NULL,NULL,'2025-12-02 15:41:20','2025-12-02 15:57:19'),
(35,'siigo_quotations_start_date','2025-12-01','Configuración siigo_quotations_start_date','string',NULL,11,'2025-12-05 04:46:18','2025-12-10 20:46:09'),
(36,'siigo_quotations_start_date_enabled','true','Configuración siigo_quotations_start_date_enabled','string',NULL,11,'2025-12-05 04:46:18','2025-12-10 20:46:09');
INSERT INTO `company_config` (`id`, `name`, `logo_url`, `primary_color`, `secondary_color`, `address`, `phone`, `email`, `created_at`, `updated_at`, `company_name`, `nit`, `whatsapp`, `city`, `department`, `postal_code`, `website`) VALUES (1,'Mi Empresa',NULL,'#3B82F6','#1E40AF','Calle 50 # 31-46','300-123-4567','COMERCIAL@PERLAS-EXPLOSIVAS.COM','2025-08-04 02:50:13','2025-11-15 05:42:11','PERLAS EXPLOSIVAS COLOMBIA S.A.S','901749888','3105244298','Medellín','Antioquia',NULL,'https://perlas-explosivas.com');
INSERT INTO `siigo_cities` (`id`, `country_code`, `state_code`, `city_code`, `state_name`, `city_name`, `search_text`) VALUES (1,'CO','05','05002','Antioquia','Abejorral','abejorral antioquia 05002 05'),
(2,'CO','54','54003','Norte de Santander','Abrego','abrego norte de santander 54003 54'),
(3,'CO','05','05004','Antioquia','Abriaquí','abriaqui antioquia 05004 05'),
(4,'CO','50','50006','Meta','Acacías','acacias meta 50006 50'),
(5,'CO','27','27006','Chocó','Acandí','acandi choco 27006 27'),
(6,'CO','41','41006','Huila','Acevedo','acevedo huila 41006 41'),
(7,'CO','13','13006','Bolívar','Achí','achi bolivar 13006 13'),
(8,'CO','41','41013','Huila','Agrado','agrado huila 41013 41'),
(9,'CO','25','25001','Cundinamarca','Agua De Dios','agua de dios cundinamarca 25001 25'),
(10,'CO','20','20011','Cesar','Aguachica','aguachica cesar 20011 20'),
(11,'CO','68','68013','Santander','Aguada','aguada santander 68013 68'),
(12,'CO','17','17013','Caldas','Aguadas','aguadas caldas 17013 17'),
(13,'CO','85','85010','Casanare','Aguazul','aguazul casanare 85010 85'),
(14,'CO','20','20013','Cesar','Agustín Codazzi','agustin codazzi cesar 20013 20'),
(15,'CO','41','41016','Huila','Aipe','aipe huila 41016 41'),
(16,'CO','25','25019','Cundinamarca','Albán','alban cundinamarca 25019 25'),
(17,'CO','52','52019','Nariño','Albán','alban narino 52019 52'),
(18,'CO','18','18029','Caquetá','Albania','albania caqueta 18029 18'),
(19,'CO','44','44035','La Guajira','Albania','albania la guajira 44035 44'),
(20,'CO','68','68020','Santander','Albania','albania santander 68020 68'),
(21,'CO','76','76020','Valle del Cauca','Alcalá','alcala valle del cauca 76020 76'),
(22,'CO','52','52022','Nariño','Aldana','aldana narino 52022 52'),
(23,'CO','05','05021','Antioquia','Alejandría','alejandria antioquia 05021 05'),
(24,'CO','47','47030','Magdalena','Algarrobo','algarrobo magdalena 47030 47'),
(25,'CO','41','41020','Huila','Algeciras','algeciras huila 41020 41'),
(26,'CO','19','19022','Cauca','Almaguer','almaguer cauca 19022 19'),
(27,'CO','15','15022','Boyacá','Almeida','almeida boyaca 15022 15'),
(28,'CO','73','73024','Tolima','Alpujarra','alpujarra tolima 73024 73'),
(29,'CO','41','41026','Huila','Altamira','altamira huila 41026 41'),
(30,'CO','27','27025','Chocó','Alto Baudo','alto baudo choco 27025 27'),
(31,'CO','13','13030','Bolívar','Altos Del Rosario','altos del rosario bolivar 13030 13'),
(32,'CO','73','73026','Tolima','Alvarado','alvarado tolima 73026 73'),
(33,'CO','05','05030','Antioquia','Amagá','amaga antioquia 05030 05'),
(34,'CO','05','05031','Antioquia','Amalfi','amalfi antioquia 05031 05'),
(35,'CO','73','73030','Tolima','Ambalema','ambalema tolima 73030 73'),
(36,'CO','25','25035','Cundinamarca','Anapoima','anapoima cundinamarca 25035 25'),
(37,'CO','52','52036','Nariño','Ancuyá','ancuya narino 52036 52'),
(38,'CO','76','76036','Valle del Cauca','Andalucía','andalucia valle del cauca 76036 76'),
(39,'CO','05','05034','Antioquia','Andes','andes antioquia 05034 05'),
(40,'CO','05','05036','Antioquia','Angelópolis','angelopolis antioquia 05036 05'),
(41,'CO','05','05038','Antioquia','Angostura','angostura antioquia 05038 05'),
(42,'CO','25','25040','Cundinamarca','Anolaima','anolaima cundinamarca 25040 25'),
(43,'CO','05','05040','Antioquia','Anorí','anori antioquia 05040 05'),
(44,'CO','17','17042','Caldas','Anserma','anserma caldas 17042 17'),
(45,'CO','76','76041','Valle del Cauca','Ansermanuevo','ansermanuevo valle del cauca 76041 76'),
(46,'CO','05','05044','Antioquia','Anza','anza antioquia 05044 05'),
(47,'CO','73','73043','Tolima','Anzoátegui','anzoategui tolima 73043 73'),
(48,'CO','05','05045','Antioquia','Apartadó','apartado antioquia 05045 05'),
(49,'CO','66','66045','Risaralda','Apía','apia risaralda 66045 66'),
(50,'CO','25','25599','Cundinamarca','Apulo','apulo cundinamarca 25599 25'),
(51,'CO','15','15047','Boyacá','Aquitania','aquitania boyaca 15047 15'),
(52,'CO','47','47053','Magdalena','Aracataca','aracataca magdalena 47053 47'),
(53,'CO','17','17050','Caldas','Aranzazu','aranzazu caldas 17050 17'),
(54,'CO','68','68051','Santander','Aratoca','aratoca santander 68051 68'),
(55,'CO','81','81001','Arauca','Arauca','arauca arauca 81001 81'),
(56,'CO','81','81065','Arauca','Arauquita','arauquita arauca 81065 81'),
(57,'CO','25','25053','Cundinamarca','Arbeláez','arbelaez cundinamarca 25053 25'),
(58,'CO','52','52051','Nariño','Arboleda','arboleda narino 52051 52'),
(59,'CO','54','54051','Norte de Santander','Arboledas','arboledas norte de santander 54051 54'),
(60,'CO','05','05051','Antioquia','Arboletes','arboletes antioquia 05051 05'),
(61,'CO','15','15051','Boyacá','Arcabuco','arcabuco boyaca 15051 15'),
(62,'CO','13','13042','Bolívar','Arenal','arenal bolivar 13042 13'),
(63,'CO','05','05055','Antioquia','Argelia','argelia antioquia 05055 05'),
(64,'CO','19','19050','Cauca','Argelia','argelia cauca 19050 19'),
(65,'CO','76','76054','Valle del Cauca','Argelia','argelia valle del cauca 76054 76'),
(66,'CO','47','47058','Magdalena','Ariguaní','ariguani magdalena 47058 47'),
(67,'CO','13','13052','Bolívar','Arjona','arjona bolivar 13052 13'),
(68,'CO','05','05059','Antioquia','Armenia','armenia antioquia 05059 05'),
(69,'CO','63','63001','Quindio','Armenia','armenia quindio 63001 63'),
(70,'CO','73','73055','Tolima','Armero','armero tolima 73055 73'),
(71,'CO','13','13062','Bolívar','Arroyohondo','arroyohondo bolivar 13062 13'),
(72,'CO','20','20032','Cesar','Astrea','astrea cesar 20032 20'),
(73,'CO','73','73067','Tolima','Ataco','ataco tolima 73067 73'),
(74,'CO','27','27050','Chocó','Atrato','atrato choco 27050 27'),
(75,'CO','23','23068','Córdoba','Ayapel','ayapel cordoba 23068 23'),
(76,'CO','27','27073','Chocó','Bagadó','bagado choco 27073 27'),
(77,'CO','27','27075','Chocó','Bahía Solano','bahia solano choco 27075 27'),
(78,'CO','27','27077','Chocó','Bajo Baudó','bajo baudo choco 27077 27'),
(79,'CO','19','19075','Cauca','Balboa','balboa cauca 19075 19'),
(80,'CO','66','66075','Risaralda','Balboa','balboa risaralda 66075 66'),
(81,'CO','08','08078','Atlántico','Baranoa','baranoa atlantico 08078 08'),
(82,'CO','41','41078','Huila','Baraya','baraya huila 41078 41'),
(83,'CO','52','52079','Nariño','Barbacoas','barbacoas narino 52079 52'),
(84,'CO','05','05079','Antioquia','Barbosa','barbosa antioquia 05079 05'),
(85,'CO','68','68077','Santander','Barbosa','barbosa santander 68077 68'),
(86,'CO','68','68079','Santander','Barichara','barichara santander 68079 68'),
(87,'CO','50','50110','Meta','Barranca De Upía','barranca de upia meta 50110 50'),
(88,'CO','68','68081','Santander','Barrancabermeja','barrancabermeja santander 68081 68'),
(89,'CO','44','44078','La Guajira','Barrancas','barrancas la guajira 44078 44'),
(90,'CO','13','13074','Bolívar','Barranco De Loba','barranco de loba bolivar 13074 13'),
(91,'CO','94','94343','Guainía','Barranco Minas','barranco minas guainia 94343 94'),
(92,'CO','08','08001','Atlántico','Barranquilla','barranquilla atlantico 08001 08'),
(93,'CO','20','20045','Cesar','Becerril','becerril cesar 20045 20'),
(94,'CO','17','17088','Caldas','Belalcázar','belalcazar caldas 17088 17'),
(95,'CO','15','15087','Boyacá','Belén','belen boyaca 15087 15'),
(96,'CO','52','52083','Nariño','Belén','belen narino 52083 52'),
(97,'CO','27','27086','Chocó','Belén De Bajirá','belen de bajira choco 27086 27'),
(98,'CO','18','18094','Caquetá','Belén De Los Andaquies','belen de los andaquies caqueta 18094 18'),
(99,'CO','66','66088','Risaralda','Belén De Umbría','belen de umbria risaralda 66088 66'),
(100,'CO','05','05088','Antioquia','Bello','bello antioquia 05088 05'),
(101,'CO','05','05086','Antioquia','Belmira','belmira antioquia 05086 05'),
(102,'CO','25','25086','Cundinamarca','Beltrán','beltran cundinamarca 25086 25'),
(103,'CO','15','15090','Boyacá','Berbeo','berbeo boyaca 15090 15'),
(104,'CO','05','05091','Antioquia','Betania','betania antioquia 05091 05'),
(105,'CO','15','15092','Boyacá','Betéitiva','beteitiva boyaca 15092 15'),
(106,'CO','05','05093','Antioquia','Betulia','betulia antioquia 05093 05'),
(107,'CO','68','68092','Santander','Betulia','betulia santander 68092 68'),
(108,'CO','25','25095','Cundinamarca','Bituima','bituima cundinamarca 25095 25'),
(109,'CO','15','15097','Boyacá','Boavita','boavita boyaca 15097 15'),
(110,'CO','54','54099','Norte de Santander','Bochalema','bochalema norte de santander 54099 54'),
(111,'CO','11','11001','Bogotá D.C','Bogotá','bogota bogota d.c 11001 11'),
(112,'CO','25','25099','Cundinamarca','Bojacá','bojaca cundinamarca 25099 25'),
(113,'CO','27','27099','Chocó','Bojaya','bojaya choco 27099 27'),
(114,'CO','19','19100','Cauca','Bolívar','bolivar cauca 19100 19'),
(115,'CO','68','68101','Santander','Bolívar','bolivar santander 68101 68'),
(116,'CO','76','76100','Valle del Cauca','Bolívar','bolivar valle del cauca 76100 76'),
(117,'CO','20','20060','Cesar','Bosconia','bosconia cesar 20060 20'),
(118,'CO','15','15104','Boyacá','Boyacá','boyaca boyaca 15104 15'),
(119,'CO','05','05107','Antioquia','Briceño','briceno antioquia 05107 05'),
(120,'CO','15','15106','Boyacá','Briceño','briceno boyaca 15106 15'),
(121,'CO','68','68001','Santander','Bucaramanga','bucaramanga santander 68001 68'),
(122,'CO','54','54109','Norte de Santander','Bucarasica','bucarasica norte de santander 54109 54'),
(123,'CO','76','76109','Valle del Cauca','Buenaventura','buenaventura valle del cauca 76109 76'),
(124,'CO','15','15109','Boyacá','Buenavista','buenavista boyaca 15109 15'),
(125,'CO','23','23079','Córdoba','Buenavista','buenavista cordoba 23079 23'),
(126,'CO','63','63111','Quindio','Buenavista','buenavista quindio 63111 63'),
(127,'CO','70','70110','Sucre','Buenavista','buenavista sucre 70110 70'),
(128,'CO','19','19110','Cauca','Buenos Aires','buenos aires cauca 19110 19'),
(129,'CO','52','52110','Nariño','Buesaco','buesaco narino 52110 52'),
(130,'CO','76','76113','Valle del Cauca','Bugalagrande','bugalagrande valle del cauca 76113 76'),
(131,'CO','05','05113','Antioquia','Buriticá','buritica antioquia 05113 05'),
(132,'CO','15','15114','Boyacá','Busbanzá','busbanza boyaca 15114 15'),
(133,'CO','25','25120','Cundinamarca','Cabrera','cabrera cundinamarca 25120 25'),
(134,'CO','68','68121','Santander','Cabrera','cabrera santander 68121 68'),
(135,'CO','50','50124','Meta','Cabuyaro','cabuyaro meta 50124 50'),
(136,'CO','94','94886','Guainía','Cacahual','cacahual guainia 94886 94'),
(137,'CO','05','05120','Antioquia','Cáceres','caceres antioquia 05120 05'),
(138,'CO','25','25123','Cundinamarca','Cachipay','cachipay cundinamarca 25123 25'),
(139,'CO','54','54128','Norte de Santander','Cachirá','cachira norte de santander 54128 54'),
(140,'CO','54','54125','Norte de Santander','Cácota','cacota norte de santander 54125 54'),
(141,'CO','05','05125','Antioquia','Caicedo','caicedo antioquia 05125 05'),
(142,'CO','76','76122','Valle del Cauca','Caicedonia','caicedonia valle del cauca 76122 76'),
(143,'CO','70','70124','Sucre','Caimito','caimito sucre 70124 70'),
(144,'CO','73','73124','Tolima','Cajamarca','cajamarca tolima 73124 73'),
(145,'CO','19','19130','Cauca','Cajibío','cajibio cauca 19130 19'),
(146,'CO','25','25126','Cundinamarca','Cajicá','cajica cundinamarca 25126 25'),
(147,'CO','13','13140','Bolívar','Calamar','calamar bolivar 13140 13'),
(148,'CO','95','95015','Guaviare','Calamar','calamar guaviare 95015 95'),
(149,'CO','63','63130','Quindio','Calarca','calarca quindio 63130 63'),
(150,'CO','05','05129','Antioquia','Caldas','caldas antioquia 05129 05'),
(151,'CO','15','15131','Boyacá','Caldas','caldas boyaca 15131 15'),
(152,'CO','19','19137','Cauca','Caldono','caldono cauca 19137 19'),
(153,'CO','76','76001','Valle del Cauca','Cali','cali valle del cauca 76001 76'),
(154,'CO','68','68132','Santander','California','california santander 68132 68'),
(155,'CO','76','76126','Valle del Cauca','Calima','calima valle del cauca 76126 76'),
(156,'CO','19','19142','Cauca','Caloto','caloto cauca 19142 19'),
(157,'CO','05','05134','Antioquia','Campamento','campamento antioquia 05134 05'),
(158,'CO','08','08137','Atlántico','Campo De La Cruz','campo de la cruz atlantico 08137 08'),
(159,'CO','41','41132','Huila','Campoalegre','campoalegre huila 41132 41'),
(160,'CO','15','15135','Boyacá','Campohermoso','campohermoso boyaca 15135 15'),
(161,'CO','23','23090','Córdoba','Canalete','canalete cordoba 23090 23'),
(162,'CO','08','08141','Atlántico','Candelaria','candelaria atlantico 08141 08'),
(163,'CO','76','76130','Valle del Cauca','Candelaria','candelaria valle del cauca 76130 76'),
(164,'CO','13','13160','Bolívar','Cantagallo','cantagallo bolivar 13160 13'),
(165,'CO','05','05138','Antioquia','Cañasgordas','canasgordas antioquia 05138 05'),
(166,'CO','25','25148','Cundinamarca','Caparrapí','caparrapi cundinamarca 25148 25'),
(167,'CO','68','68147','Santander','Capitanejo','capitanejo santander 68147 68'),
(168,'CO','25','25151','Cundinamarca','Caqueza','caqueza cundinamarca 25151 25'),
(169,'CO','05','05142','Antioquia','Caracolí','caracoli antioquia 05142 05'),
(170,'CO','05','05145','Antioquia','Caramanta','caramanta antioquia 05145 05'),
(171,'CO','68','68152','Santander','Carcasí','carcasi santander 68152 68'),
(172,'CO','05','05147','Antioquia','Carepa','carepa antioquia 05147 05'),
(173,'CO','73','73148','Tolima','Carmen De Apicalá','carmen de apicala tolima 73148 73'),
(174,'CO','25','25154','Cundinamarca','Carmen De Carupa','carmen de carupa cundinamarca 25154 25'),
(175,'CO','27','27150','Chocó','Carmen Del Darien','carmen del darien choco 27150 27'),
(176,'CO','05','05150','Antioquia','Carolina','carolina antioquia 05150 05'),
(177,'CO','13','13001','Bolívar','Cartagena','cartagena bolivar 13001 13'),
(178,'CO','18','18150','Caquetá','Cartagena Del Chairá','cartagena del chaira caqueta 18150 18'),
(179,'CO','76','76147','Valle del Cauca','Cartago','cartago valle del cauca 76147 76'),
(180,'CO','97','97161','Vaupés','Caruru','caruru vaupes 97161 97'),
(181,'CO','73','73152','Tolima','Casabianca','casabianca tolima 73152 73'),
(182,'CO','50','50150','Meta','Castilla La Nueva','castilla la nueva meta 50150 50'),
(183,'CO','05','05154','Antioquia','Caucasia','caucasia antioquia 05154 05'),
(184,'CO','68','68160','Santander','Cepitá','cepita santander 68160 68'),
(185,'CO','23','23162','Córdoba','Cereté','cerete cordoba 23162 23'),
(186,'CO','15','15162','Boyacá','Cerinza','cerinza boyaca 15162 15'),
(187,'CO','68','68162','Santander','Cerrito','cerrito santander 68162 68'),
(188,'CO','47','47161','Magdalena','Cerro San Antonio','cerro san antonio magdalena 47161 47'),
(189,'CO','27','27160','Chocó','Cértegui','certegui choco 27160 27'),
(190,'CO','52','52240','Nariño','Chachagüí','chachagui narino 52240 52'),
(191,'CO','25','25168','Cundinamarca','Chaguaní','chaguani cundinamarca 25168 25'),
(192,'CO','70','70230','Sucre','Chalán','chalan sucre 70230 70'),
(193,'CO','85','85015','Casanare','Chameza','chameza casanare 85015 85'),
(194,'CO','73','73168','Tolima','Chaparral','chaparral tolima 73168 73'),
(195,'CO','68','68167','Santander','Charalá','charala santander 68167 68'),
(196,'CO','68','68169','Santander','Charta','charta santander 68169 68'),
(197,'CO','25','25175','Cundinamarca','Chía','chia cundinamarca 25175 25'),
(198,'CO','47','47170','Magdalena','Chibolo','chibolo magdalena 47170 47'),
(199,'CO','05','05172','Antioquia','Chigorodó','chigorodo antioquia 05172 05'),
(200,'CO','68','68176','Santander','Chima','chima santander 68176 68'),
(201,'CO','23','23168','Córdoba','Chimá','chima cordoba 23168 23'),
(202,'CO','20','20175','Cesar','Chimichagua','chimichagua cesar 20175 20'),
(203,'CO','54','54172','Norte de Santander','Chinácota','chinacota norte de santander 54172 54'),
(204,'CO','15','15172','Boyacá','Chinavita','chinavita boyaca 15172 15'),
(205,'CO','17','17174','Caldas','Chinchiná','chinchina caldas 17174 17'),
(206,'CO','23','23182','Córdoba','Chinú','chinu cordoba 23182 23'),
(207,'CO','25','25178','Cundinamarca','Chipaque','chipaque cundinamarca 25178 25'),
(208,'CO','68','68179','Santander','Chipatá','chipata santander 68179 68'),
(209,'CO','15','15176','Boyacá','Chiquinquirá','chiquinquira boyaca 15176 15'),
(210,'CO','15','15232','Boyacá','Chíquiza','chiquiza boyaca 15232 15'),
(211,'CO','20','20178','Cesar','Chiriguaná','chiriguana cesar 20178 20'),
(212,'CO','15','15180','Boyacá','Chiscas','chiscas boyaca 15180 15'),
(213,'CO','15','15183','Boyacá','Chita','chita boyaca 15183 15'),
(214,'CO','54','54174','Norte de Santander','Chitagá','chitaga norte de santander 54174 54'),
(215,'CO','15','15185','Boyacá','Chitaraque','chitaraque boyaca 15185 15'),
(216,'CO','15','15187','Boyacá','Chivatá','chivata boyaca 15187 15'),
(217,'CO','15','15236','Boyacá','Chivor','chivor boyaca 15236 15'),
(218,'CO','25','25181','Cundinamarca','Choachí','choachi cundinamarca 25181 25'),
(219,'CO','25','25183','Cundinamarca','Chocontá','choconta cundinamarca 25183 25'),
(220,'CO','13','13188','Bolívar','Cicuco','cicuco bolivar 13188 13'),
(221,'CO','47','47189','Magdalena','Ciénaga','cienaga magdalena 47189 47'),
(222,'CO','23','23189','Córdoba','Ciénaga De Oro','cienaga de oro cordoba 23189 23'),
(223,'CO','15','15189','Boyacá','Ciénega','cienega boyaca 15189 15'),
(224,'CO','68','68190','Santander','Cimitarra','cimitarra santander 68190 68'),
(225,'CO','63','63190','Quindio','Circasia','circasia quindio 63190 63'),
(226,'CO','05','05190','Antioquia','Cisneros','cisneros antioquia 05190 05'),
(227,'CO','05','05101','Antioquia','Ciudad Bolívar','ciudad bolivar antioquia 05101 05'),
(228,'CO','13','13222','Bolívar','Clemencia','clemencia bolivar 13222 13'),
(229,'CO','05','05197','Antioquia','Cocorná','cocorna antioquia 05197 05'),
(230,'CO','73','73200','Tolima','Coello','coello tolima 73200 73'),
(231,'CO','25','25200','Cundinamarca','Cogua','cogua cundinamarca 25200 25'),
(232,'CO','41','41206','Huila','Colombia','colombia huila 41206 41'),
(233,'CO','52','52203','Nariño','Colón','colon narino 52203 52'),
(234,'CO','86','86219','Putumayo','Colón','colon putumayo 86219 86'),
(235,'CO','70','70204','Sucre','Coloso','coloso sucre 70204 70'),
(236,'CO','15','15204','Boyacá','Cómbita','combita boyaca 15204 15'),
(237,'CO','05','05206','Antioquia','Concepción','concepcion antioquia 05206 05'),
(238,'CO','68','68207','Santander','Concepción','concepcion santander 68207 68'),
(239,'CO','05','05209','Antioquia','Concordia','concordia antioquia 05209 05'),
(240,'CO','47','47205','Magdalena','Concordia','concordia magdalena 47205 47'),
(241,'CO','27','27205','Chocó','Condoto','condoto choco 27205 27'),
(242,'CO','68','68209','Santander','Confines','confines santander 68209 68'),
(243,'CO','52','52207','Nariño','Consaca','consaca narino 52207 52'),
(244,'CO','52','52210','Nariño','Contadero','contadero narino 52210 52'),
(245,'CO','68','68211','Santander','Contratación','contratacion santander 68211 68'),
(246,'CO','54','54206','Norte de Santander','Convención','convencion norte de santander 54206 54'),
(247,'CO','05','05212','Antioquia','Copacabana','copacabana antioquia 05212 05'),
(248,'CO','15','15212','Boyacá','Coper','coper boyaca 15212 15'),
(249,'CO','13','13212','Bolívar','Córdoba','cordoba bolivar 13212 13'),
(250,'CO','52','52215','Nariño','Córdoba','cordoba narino 52215 52'),
(251,'CO','63','63212','Quindio','Córdoba','cordoba quindio 63212 63'),
(252,'CO','19','19212','Cauca','Corinto','corinto cauca 19212 19'),
(253,'CO','68','68217','Santander','Coromoro','coromoro santander 68217 68'),
(254,'CO','70','70215','Sucre','Corozal','corozal sucre 70215 70'),
(255,'CO','15','15215','Boyacá','Corrales','corrales boyaca 15215 15'),
(256,'CO','25','25214','Cundinamarca','Cota','cota cundinamarca 25214 25'),
(257,'CO','23','23300','Córdoba','Cotorra','cotorra cordoba 23300 23'),
(258,'CO','15','15218','Boyacá','Covarachía','covarachia boyaca 15218 15'),
(259,'CO','70','70221','Sucre','Coveñas','covenas sucre 70221 70'),
(260,'CO','73','73217','Tolima','Coyaima','coyaima tolima 73217 73'),
(261,'CO','81','81220','Arauca','Cravo Norte','cravo norte arauca 81220 81'),
(262,'CO','52','52224','Nariño','Cuaspud','cuaspud narino 52224 52'),
(263,'CO','15','15223','Boyacá','Cubará','cubara boyaca 15223 15'),
(264,'CO','50','50223','Meta','Cubarral','cubarral meta 50223 50'),
(265,'CO','15','15224','Boyacá','Cucaita','cucaita boyaca 15224 15'),
(266,'CO','25','25224','Cundinamarca','Cucunubá','cucunuba cundinamarca 25224 25'),
(267,'CO','54','54001','Norte de Santander','Cúcuta','cucuta norte de santander 54001 54'),
(268,'CO','54','54223','Norte de Santander','Cucutilla','cucutilla norte de santander 54223 54'),
(269,'CO','15','15226','Boyacá','Cuítiva','cuitiva boyaca 15226 15'),
(270,'CO','50','50226','Meta','Cumaral','cumaral meta 50226 50'),
(271,'CO','99','99773','Vichada','Cumaribo','cumaribo vichada 99773 99'),
(272,'CO','52','52227','Nariño','Cumbal','cumbal narino 52227 52'),
(273,'CO','52','52233','Nariño','Cumbitara','cumbitara narino 52233 52'),
(274,'CO','73','73226','Tolima','Cunday','cunday tolima 73226 73'),
(275,'CO','18','18205','Caquetá','Curillo','curillo caqueta 18205 18'),
(276,'CO','68','68229','Santander','Curití','curiti santander 68229 68'),
(277,'CO','20','20228','Cesar','Curumaní','curumani cesar 20228 20'),
(278,'CO','05','05234','Antioquia','Dabeiba','dabeiba antioquia 05234 05'),
(279,'CO','76','76233','Valle del Cauca','Dagua','dagua valle del cauca 76233 76'),
(280,'CO','44','44090','La Guajira','Dibulla','dibulla la guajira 44090 44'),
(281,'CO','44','44098','La Guajira','Distracción','distraccion la guajira 44098 44'),
(282,'CO','73','73236','Tolima','Dolores','dolores tolima 73236 73'),
(283,'CO','05','05237','Antioquia','Don Matías','don matias antioquia 05237 05'),
(284,'CO','66','66170','Risaralda','Dosquebradas','dosquebradas risaralda 66170 66'),
(285,'CO','15','15238','Boyacá','Duitama','duitama boyaca 15238 15'),
(286,'CO','54','54239','Norte de Santander','Durania','durania norte de santander 54239 54'),
(287,'CO','05','05240','Antioquia','Ebéjico','ebejico antioquia 05240 05'),
(288,'CO','76','76243','Valle del Cauca','El Águila','el aguila valle del cauca 76243 76'),
(289,'CO','05','05250','Antioquia','El Bagre','el bagre antioquia 05250 05'),
(290,'CO','47','47245','Magdalena','El Banco','el banco magdalena 47245 47'),
(291,'CO','76','76246','Valle del Cauca','El Cairo','el cairo valle del cauca 76246 76'),
(292,'CO','50','50245','Meta','El Calvario','el calvario meta 50245 50'),
(293,'CO','27','27135','Chocó','El Cantón Del San Pablo','el canton del san pablo choco 27135 27'),
(294,'CO','54','54245','Norte de Santander','El Carmen','el carmen norte de santander 54245 54'),
(295,'CO','27','27245','Chocó','El Carmen De Atrato','el carmen de atrato choco 27245 27'),
(296,'CO','13','13244','Bolívar','El Carmen De Bolívar','el carmen de bolivar bolivar 13244 13'),
(297,'CO','68','68235','Santander','El Carmen De Chucurí','el carmen de chucuri santander 68235 68'),
(298,'CO','05','05148','Antioquia','El Carmen De Viboral','el carmen de viboral antioquia 05148 05'),
(299,'CO','50','50251','Meta','El Castillo','el castillo meta 50251 50'),
(300,'CO','76','76248','Valle del Cauca','El Cerrito','el cerrito valle del cauca 76248 76'),
(301,'CO','52','52250','Nariño','El Charco','el charco narino 52250 52'),
(302,'CO','15','15244','Boyacá','El Cocuy','el cocuy boyaca 15244 15'),
(303,'CO','25','25245','Cundinamarca','El Colegio','el colegio cundinamarca 25245 25'),
(304,'CO','20','20238','Cesar','El Copey','el copey cesar 20238 20'),
(305,'CO','18','18247','Caquetá','El Doncello','el doncello caqueta 18247 18'),
(306,'CO','50','50270','Meta','El Dorado','el dorado meta 50270 50'),
(307,'CO','76','76250','Valle del Cauca','El Dovio','el dovio valle del cauca 76250 76'),
(308,'CO','91','91263','Amazonas','El Encanto','el encanto amazonas 91263 91'),
(309,'CO','15','15248','Boyacá','El Espino','el espino boyaca 15248 15'),
(310,'CO','68','68245','Santander','El Guacamayo','el guacamayo santander 68245 68'),
(311,'CO','13','13248','Bolívar','El Guamo','el guamo bolivar 13248 13'),
(312,'CO','27','27250','Chocó','El Litoral Del San Juan','el litoral del san juan choco 27250 27'),
(313,'CO','44','44110','La Guajira','El Molino','el molino la guajira 44110 44'),
(314,'CO','20','20250','Cesar','El Paso','el paso cesar 20250 20'),
(315,'CO','18','18256','Caquetá','El Paujil','el paujil caqueta 18256 18'),
(316,'CO','52','52254','Nariño','El Peñol','el penol narino 52254 52'),
(317,'CO','13','13268','Bolívar','El Peñón','el penon bolivar 13268 13'),
(318,'CO','25','25258','Cundinamarca','El Peñón','el penon cundinamarca 25258 25'),
(319,'CO','68','68250','Santander','El Peñón','el penon santander 68250 68'),
(320,'CO','47','47258','Magdalena','El Piñon','el pinon magdalena 47258 47'),
(321,'CO','68','68255','Santander','El Playón','el playon santander 68255 68'),
(322,'CO','47','47268','Magdalena','El Retén','el reten magdalena 47268 47'),
(323,'CO','95','95025','Guaviare','El Retorno','el retorno guaviare 95025 95'),
(324,'CO','70','70233','Sucre','El Roble','el roble sucre 70233 70'),
(325,'CO','25','25260','Cundinamarca','El Rosal','el rosal cundinamarca 25260 25'),
(326,'CO','52','52256','Nariño','El Rosario','el rosario narino 52256 52'),
(327,'CO','05','05697','Antioquia','El Santuario','el santuario antioquia 05697 05'),
(328,'CO','52','52258','Nariño','El Tablón De Gómez','el tablon de gomez narino 52258 52'),
(329,'CO','19','19256','Cauca','El Tambo','el tambo cauca 19256 19'),
(330,'CO','52','52260','Nariño','El Tambo','el tambo narino 52260 52'),
(331,'CO','54','54250','Norte de Santander','El Tarra','el tarra norte de santander 54250 54'),
(332,'CO','54','54261','Norte de Santander','El Zulia','el zulia norte de santander 54261 54'),
(333,'CO','41','41244','Huila','Elías','elias huila 41244 41'),
(334,'CO','68','68264','Santander','Encino','encino santander 68264 68'),
(335,'CO','68','68266','Santander','Enciso','enciso santander 68266 68'),
(336,'CO','05','05264','Antioquia','Entrerrios','entrerrios antioquia 05264 05'),
(337,'CO','05','05266','Antioquia','Envigado','envigado antioquia 05266 05'),
(338,'CO','73','73268','Tolima','Espinal','espinal tolima 73268 73'),
(339,'CO','25','25269','Cundinamarca','Facatativá','facatativa cundinamarca 25269 25'),
(340,'CO','73','73270','Tolima','Falan','falan tolima 73270 73'),
(341,'CO','17','17272','Caldas','Filadelfia','filadelfia caldas 17272 17'),
(342,'CO','63','63272','Quindio','Filandia','filandia quindio 63272 63'),
(343,'CO','15','15272','Boyacá','Firavitoba','firavitoba boyaca 15272 15'),
(344,'CO','73','73275','Tolima','Flandes','flandes tolima 73275 73'),
(345,'CO','18','18001','Caquetá','Florencia','florencia caqueta 18001 18'),
(346,'CO','19','19290','Cauca','Florencia','florencia cauca 19290 19'),
(347,'CO','15','15276','Boyacá','Floresta','floresta boyaca 15276 15'),
(348,'CO','68','68271','Santander','Florián','florian santander 68271 68'),
(349,'CO','76','76275','Valle del Cauca','Florida','florida valle del cauca 76275 76'),
(350,'CO','68','68276','Santander','Floridablanca','floridablanca santander 68276 68'),
(351,'CO','25','25279','Cundinamarca','Fomeque','fomeque cundinamarca 25279 25'),
(352,'CO','44','44279','La Guajira','Fonseca','fonseca la guajira 44279 44'),
(353,'CO','81','81300','Arauca','Fortul','fortul arauca 81300 81'),
(354,'CO','25','25281','Cundinamarca','Fosca','fosca cundinamarca 25281 25'),
(355,'CO','52','52520','Nariño','Francisco Pizarro','francisco pizarro narino 52520 52'),
(356,'CO','05','05282','Antioquia','Fredonia','fredonia antioquia 05282 05'),
(357,'CO','73','73283','Tolima','Fresno','fresno tolima 73283 73'),
(358,'CO','05','05284','Antioquia','Frontino','frontino antioquia 05284 05'),
(359,'CO','50','50287','Meta','Fuente De Oro','fuente de oro meta 50287 50'),
(360,'CO','47','47288','Magdalena','Fundación','fundacion magdalena 47288 47'),
(361,'CO','52','52287','Nariño','Funes','funes narino 52287 52'),
(362,'CO','25','25286','Cundinamarca','Funza','funza cundinamarca 25286 25'),
(363,'CO','25','25288','Cundinamarca','Fúquene','fuquene cundinamarca 25288 25'),
(364,'CO','25','25290','Cundinamarca','Fusagasugá','fusagasuga cundinamarca 25290 25'),
(365,'CO','25','25293','Cundinamarca','Gachala','gachala cundinamarca 25293 25'),
(366,'CO','25','25295','Cundinamarca','Gachancipá','gachancipa cundinamarca 25295 25'),
(367,'CO','15','15293','Boyacá','Gachantivá','gachantiva boyaca 15293 15'),
(368,'CO','25','25297','Cundinamarca','Gachetá','gacheta cundinamarca 25297 25'),
(369,'CO','68','68296','Santander','Galán','galan santander 68296 68'),
(370,'CO','08','08296','Atlántico','Galapa','galapa atlantico 08296 08'),
(371,'CO','70','70235','Sucre','Galeras','galeras sucre 70235 70'),
(372,'CO','25','25299','Cundinamarca','Gama','gama cundinamarca 25299 25'),
(373,'CO','20','20295','Cesar','Gamarra','gamarra cesar 20295 20'),
(374,'CO','68','68298','Santander','Gambita','gambita santander 68298 68'),
(375,'CO','15','15296','Boyacá','Gameza','gameza boyaca 15296 15'),
(376,'CO','15','15299','Boyacá','Garagoa','garagoa boyaca 15299 15'),
(377,'CO','41','41298','Huila','Garzón','garzon huila 41298 41'),
(378,'CO','63','63302','Quindio','Génova','genova quindio 63302 63'),
(379,'CO','41','41306','Huila','Gigante','gigante huila 41306 41'),
(380,'CO','76','76306','Valle del Cauca','Ginebra','ginebra valle del cauca 76306 76'),
(381,'CO','05','05306','Antioquia','Giraldo','giraldo antioquia 05306 05'),
(382,'CO','25','25307','Cundinamarca','Girardot','girardot cundinamarca 25307 25'),
(383,'CO','05','05308','Antioquia','Girardota','girardota antioquia 05308 05'),
(384,'CO','68','68307','Santander','Girón','giron santander 68307 68'),
(385,'CO','05','05310','Antioquia','Gómez Plata','gomez plata antioquia 05310 05'),
(386,'CO','20','20310','Cesar','González','gonzalez cesar 20310 20'),
(387,'CO','54','54313','Norte de Santander','Gramalote','gramalote norte de santander 54313 54'),
(388,'CO','05','05313','Antioquia','Granada','granada antioquia 05313 05'),
(389,'CO','25','25312','Cundinamarca','Granada','granada cundinamarca 25312 25'),
(390,'CO','50','50313','Meta','Granada','granada meta 50313 50'),
(391,'CO','68','68318','Santander','Guaca','guaca santander 68318 68'),
(392,'CO','15','15317','Boyacá','Guacamayas','guacamayas boyaca 15317 15'),
(393,'CO','76','76318','Valle del Cauca','Guacarí','guacari valle del cauca 76318 76'),
(394,'CO','25','25317','Cundinamarca','Guachetá','guacheta cundinamarca 25317 25'),
(395,'CO','52','52317','Nariño','Guachucal','guachucal narino 52317 52'),
(396,'CO','76','76111','Valle del Cauca','Guadalajara De Buga','guadalajara de buga valle del cauca 76111 76'),
(397,'CO','05','05315','Antioquia','Guadalupe','guadalupe antioquia 05315 05'),
(398,'CO','41','41319','Huila','Guadalupe','guadalupe huila 41319 41'),
(399,'CO','68','68320','Santander','Guadalupe','guadalupe santander 68320 68'),
(400,'CO','25','25320','Cundinamarca','Guaduas','guaduas cundinamarca 25320 25'),
(401,'CO','52','52320','Nariño','Guaitarilla','guaitarilla narino 52320 52'),
(402,'CO','52','52323','Nariño','Gualmatán','gualmatan narino 52323 52'),
(403,'CO','47','47318','Magdalena','Guamal','guamal magdalena 47318 47'),
(404,'CO','50','50318','Meta','Guamal','guamal meta 50318 50'),
(405,'CO','73','73319','Tolima','Guamo','guamo tolima 73319 73'),
(406,'CO','19','19318','Cauca','Guapi','guapi cauca 19318 19'),
(407,'CO','68','68322','Santander','Guapotá','guapota santander 68322 68'),
(408,'CO','70','70265','Sucre','Guaranda','guaranda sucre 70265 70'),
(409,'CO','05','05318','Antioquia','Guarne','guarne antioquia 05318 05'),
(410,'CO','25','25322','Cundinamarca','Guasca','guasca cundinamarca 25322 25'),
(411,'CO','05','05321','Antioquia','Guatape','guatape antioquia 05321 05'),
(412,'CO','25','25324','Cundinamarca','Guataquí','guataqui cundinamarca 25324 25'),
(413,'CO','25','25326','Cundinamarca','Guatavita','guatavita cundinamarca 25326 25'),
(414,'CO','15','15322','Boyacá','Guateque','guateque boyaca 15322 15'),
(415,'CO','66','66318','Risaralda','Guática','guatica risaralda 66318 66'),
(416,'CO','68','68324','Santander','Guavatá','guavata santander 68324 68'),
(417,'CO','25','25328','Cundinamarca','Guayabal De Siquima','guayabal de siquima cundinamarca 25328 25'),
(418,'CO','25','25335','Cundinamarca','Guayabetal','guayabetal cundinamarca 25335 25'),
(419,'CO','15','15325','Boyacá','Guayatá','guayata boyaca 15325 15'),
(420,'CO','68','68327','Santander','Güepsa','guepsa santander 68327 68'),
(421,'CO','15','15332','Boyacá','Güicán','guican boyaca 15332 15'),
(422,'CO','25','25339','Cundinamarca','Gutiérrez','gutierrez cundinamarca 25339 25'),
(423,'CO','54','54344','Norte de Santander','Hacarí','hacari norte de santander 54344 54'),
(424,'CO','13','13300','Bolívar','Hatillo De Loba','hatillo de loba bolivar 13300 13'),
(425,'CO','68','68344','Santander','Hato','hato santander 68344 68'),
(426,'CO','85','85125','Casanare','Hato Corozal','hato corozal casanare 85125 85'),
(427,'CO','44','44378','La Guajira','Hatonuevo','hatonuevo la guajira 44378 44'),
(428,'CO','05','05347','Antioquia','Heliconia','heliconia antioquia 05347 05'),
(429,'CO','54','54347','Norte de Santander','Herrán','herran norte de santander 54347 54'),
(430,'CO','73','73347','Tolima','Herveo','herveo tolima 73347 73'),
(431,'CO','05','05353','Antioquia','Hispania','hispania antioquia 05353 05'),
(432,'CO','41','41349','Huila','Hobo','hobo huila 41349 41'),
(433,'CO','73','73349','Tolima','Honda','honda tolima 73349 73'),
(434,'CO','73','73001','Tolima','Ibagué','ibague tolima 73001 73'),
(435,'CO','73','73352','Tolima','Icononzo','icononzo tolima 73352 73'),
(436,'CO','52','52352','Nariño','Iles','iles narino 52352 52'),
(437,'CO','52','52354','Nariño','Imués','imues narino 52354 52'),
(438,'CO','94','94001','Guainía','Inírida','inirida guainia 94001 94'),
(439,'CO','19','19355','Cauca','Inzá','inza cauca 19355 19'),
(440,'CO','52','52356','Nariño','Ipiales','ipiales narino 52356 52'),
(441,'CO','41','41357','Huila','Iquira','iquira huila 41357 41'),
(442,'CO','41','41359','Huila','Isnos','isnos huila 41359 41'),
(443,'CO','27','27361','Chocó','Istmina','istmina choco 27361 27'),
(444,'CO','05','05360','Antioquia','Itagui','itagui antioquia 05360 05'),
(445,'CO','05','05361','Antioquia','Ituango','ituango antioquia 05361 05'),
(446,'CO','15','15362','Boyacá','Iza','iza boyaca 15362 15'),
(447,'CO','19','19364','Cauca','Jambaló','jambalo cauca 19364 19'),
(448,'CO','76','76364','Valle del Cauca','Jamundí','jamundi valle del cauca 76364 76'),
(449,'CO','05','05364','Antioquia','Jardín','jardin antioquia 05364 05'),
(450,'CO','15','15367','Boyacá','Jenesano','jenesano boyaca 15367 15'),
(451,'CO','05','05368','Antioquia','Jericó','jerico antioquia 05368 05'),
(452,'CO','15','15368','Boyacá','Jericó','jerico boyaca 15368 15'),
(453,'CO','25','25368','Cundinamarca','Jerusalén','jerusalen cundinamarca 25368 25'),
(454,'CO','68','68368','Santander','Jesús María','jesus maria santander 68368 68'),
(455,'CO','68','68370','Santander','Jordán','jordan santander 68370 68'),
(456,'CO','08','08372','Atlántico','Juan De Acosta','juan de acosta atlantico 08372 08'),
(457,'CO','25','25372','Cundinamarca','Junín','junin cundinamarca 25372 25'),
(458,'CO','27','27372','Chocó','Juradó','jurado choco 27372 27'),
(459,'CO','23','23350','Córdoba','La Apartada','la apartada cordoba 23350 23'),
(460,'CO','41','41378','Huila','La Argentina','la argentina huila 41378 41'),
(461,'CO','68','68377','Santander','La Belleza','la belleza santander 68377 68'),
(462,'CO','25','25377','Cundinamarca','La Calera','la calera cundinamarca 25377 25'),
(463,'CO','15','15380','Boyacá','La Capilla','la capilla boyaca 15380 15'),
(464,'CO','05','05376','Antioquia','La Ceja','la ceja antioquia 05376 05'),
(465,'CO','66','66383','Risaralda','La Celia','la celia risaralda 66383 66'),
(466,'CO','91','91405','Amazonas','La Chorrera','la chorrera amazonas 91405 91'),
(467,'CO','52','52378','Nariño','La Cruz','la cruz narino 52378 52'),
(468,'CO','76','76377','Valle del Cauca','La Cumbre','la cumbre valle del cauca 76377 76'),
(469,'CO','17','17380','Caldas','La Dorada','la dorada caldas 17380 17'),
(470,'CO','54','54385','Norte de Santander','La Esperanza','la esperanza norte de santander 54385 54'),
(471,'CO','05','05380','Antioquia','La Estrella','la estrella antioquia 05380 05'),
(472,'CO','52','52381','Nariño','La Florida','la florida narino 52381 52'),
(473,'CO','20','20383','Cesar','La Gloria','la gloria cesar 20383 20'),
(474,'CO','94','94885','Guainía','La Guadalupe','la guadalupe guainia 94885 94'),
(475,'CO','20','20400','Cesar','La Jagua De Ibirico','la jagua de ibirico cesar 20400 20'),
(476,'CO','44','44420','La Guajira','La Jagua Del Pilar','la jagua del pilar la guajira 44420 44'),
(477,'CO','52','52385','Nariño','La Llanada','la llanada narino 52385 52'),
(478,'CO','50','50350','Meta','La Macarena','la macarena meta 50350 50'),
(479,'CO','17','17388','Caldas','La Merced','la merced caldas 17388 17'),
(480,'CO','25','25386','Cundinamarca','La Mesa','la mesa cundinamarca 25386 25'),
(481,'CO','18','18410','Caquetá','La Montañita','la montanita caqueta 18410 18'),
(482,'CO','25','25394','Cundinamarca','La Palma','la palma cundinamarca 25394 25'),
(483,'CO','20','20621','Cesar','La Paz','la paz cesar 20621 20'),
(484,'CO','68','68397','Santander','La Paz','la paz santander 68397 68'),
(485,'CO','91','91407','Amazonas','La Pedrera','la pedrera amazonas 91407 91'),
(486,'CO','25','25398','Cundinamarca','La Peña','la pena cundinamarca 25398 25'),
(487,'CO','05','05390','Antioquia','La Pintada','la pintada antioquia 05390 05'),
(488,'CO','41','41396','Huila','La Plata','la plata huila 41396 41'),
(489,'CO','54','54398','Norte de Santander','La Playa','la playa norte de santander 54398 54'),
(490,'CO','99','99524','Vichada','La Primavera','la primavera vichada 99524 99'),
(491,'CO','85','85136','Casanare','La Salina','la salina casanare 85136 85'),
(492,'CO','19','19392','Cauca','La Sierra','la sierra cauca 19392 19'),
(493,'CO','63','63401','Quindio','La Tebaida','la tebaida quindio 63401 63'),
(494,'CO','52','52390','Nariño','La Tola','la tola narino 52390 52'),
(495,'CO','05','05400','Antioquia','La Unión','la union antioquia 05400 05'),
(496,'CO','52','52399','Nariño','La Unión','la union narino 52399 52'),
(497,'CO','70','70400','Sucre','La Unión','la union sucre 70400 70'),
(498,'CO','76','76400','Valle del Cauca','La Unión','la union valle del cauca 76400 76'),
(499,'CO','15','15403','Boyacá','La Uvita','la uvita boyaca 15403 15'),
(500,'CO','19','19397','Cauca','La Vega','la vega cauca 19397 19'),
(501,'CO','25','25402','Cundinamarca','La Vega','la vega cundinamarca 25402 25'),
(502,'CO','15','15401','Boyacá','La Victoria','la victoria boyaca 15401 15'),
(503,'CO','76','76403','Valle del Cauca','La Victoria','la victoria valle del cauca 76403 76'),
(504,'CO','91','91430','Amazonas','La Victoria','la victoria amazonas 91430 91'),
(505,'CO','66','66400','Risaralda','La Virginia','la virginia risaralda 66400 66'),
(506,'CO','54','54377','Norte de Santander','Labateca','labateca norte de santander 54377 54'),
(507,'CO','15','15377','Boyacá','Labranzagrande','labranzagrande boyaca 15377 15'),
(508,'CO','68','68385','Santander','Landázuri','landazuri santander 68385 68'),
(509,'CO','68','68406','Santander','Lebríja','lebrija santander 68406 68'),
(510,'CO','86','86573','Putumayo','Leguízamo','leguizamo putumayo 86573 86'),
(511,'CO','52','52405','Nariño','Leiva','leiva narino 52405 52'),
(512,'CO','50','50400','Meta','Lejanías','lejanias meta 50400 50'),
(513,'CO','25','25407','Cundinamarca','Lenguazaque','lenguazaque cundinamarca 25407 25'),
(514,'CO','73','73408','Tolima','Lérida','lerida tolima 73408 73'),
(515,'CO','91','91001','Amazonas','Leticia','leticia amazonas 91001 91'),
(516,'CO','73','73411','Tolima','Líbano','libano tolima 73411 73'),
(517,'CO','05','05411','Antioquia','Liborina','liborina antioquia 05411 05'),
(518,'CO','52','52411','Nariño','Linares','linares narino 52411 52'),
(519,'CO','27','27413','Chocó','Lloró','lloro choco 27413 27'),
(520,'CO','19','19418','Cauca','López','lopez cauca 19418 19'),
(521,'CO','23','23417','Córdoba','Lorica','lorica cordoba 23417 23'),
(522,'CO','52','52418','Nariño','Los Andes','los andes narino 52418 52'),
(523,'CO','23','23419','Córdoba','Los Córdobas','los cordobas cordoba 23419 23'),
(524,'CO','70','70418','Sucre','Los Palmitos','los palmitos sucre 70418 70'),
(525,'CO','54','54405','Norte de Santander','Los Patios','los patios norte de santander 54405 54'),
(526,'CO','68','68418','Santander','Los Santos','los santos santander 68418 68'),
(527,'CO','54','54418','Norte de Santander','Lourdes','lourdes norte de santander 54418 54'),
(528,'CO','08','08421','Atlántico','Luruaco','luruaco atlantico 08421 08'),
(529,'CO','15','15425','Boyacá','Macanal','macanal boyaca 15425 15'),
(530,'CO','68','68425','Santander','Macaravita','macaravita santander 68425 68'),
(531,'CO','05','05425','Antioquia','Maceo','maceo antioquia 05425 05'),
(532,'CO','25','25426','Cundinamarca','Macheta','macheta cundinamarca 25426 25'),
(533,'CO','25','25430','Cundinamarca','Madrid','madrid cundinamarca 25430 25'),
(534,'CO','13','13430','Bolívar','Magangué','magangue bolivar 13430 13'),
(535,'CO','52','52427','Nariño','Magüi','magui narino 52427 52'),
(536,'CO','13','13433','Bolívar','Mahates','mahates bolivar 13433 13'),
(537,'CO','44','44430','La Guajira','Maicao','maicao la guajira 44430 44'),
(538,'CO','70','70429','Sucre','Majagual','majagual sucre 70429 70'),
(539,'CO','68','68432','Santander','Málaga','malaga santander 68432 68'),
(540,'CO','08','08433','Atlántico','Malambo','malambo atlantico 08433 08'),
(541,'CO','52','52435','Nariño','Mallama','mallama narino 52435 52'),
(542,'CO','08','08436','Atlántico','Manatí','manati atlantico 08436 08'),
(543,'CO','20','20443','Cesar','Manaure','manaure cesar 20443 20'),
(544,'CO','44','44560','La Guajira','Manaure','manaure la guajira 44560 44'),
(545,'CO','85','85139','Casanare','Maní','mani casanare 85139 85'),
(546,'CO','17','17001','Caldas','Manizales','manizales caldas 17001 17'),
(547,'CO','25','25436','Cundinamarca','Manta','manta cundinamarca 25436 25'),
(548,'CO','17','17433','Caldas','Manzanares','manzanares caldas 17433 17'),
(549,'CO','50','50325','Meta','Mapiripán','mapiripan meta 50325 50'),
(550,'CO','94','94663','Guainía','Mapiripana','mapiripana guainia 94663 94'),
(551,'CO','13','13440','Bolívar','Margarita','margarita bolivar 13440 13'),
(552,'CO','13','13442','Bolívar','María La Baja','maria la baja bolivar 13442 13'),
(553,'CO','05','05440','Antioquia','Marinilla','marinilla antioquia 05440 05'),
(554,'CO','15','15442','Boyacá','Maripí','maripi boyaca 15442 15'),
(555,'CO','73','73443','Tolima','Mariquita','mariquita tolima 73443 73'),
(556,'CO','17','17442','Caldas','Marmato','marmato caldas 17442 17'),
(557,'CO','17','17444','Caldas','Marquetalia','marquetalia caldas 17444 17'),
(558,'CO','66','66440','Risaralda','Marsella','marsella risaralda 66440 66'),
(559,'CO','17','17446','Caldas','Marulanda','marulanda caldas 17446 17'),
(560,'CO','68','68444','Santander','Matanza','matanza santander 68444 68'),
(561,'CO','05','05001','Antioquia','Medellín','medellin antioquia 05001 05'),
(562,'CO','25','25438','Cundinamarca','Medina','medina cundinamarca 25438 25'),
(563,'CO','27','27425','Chocó','Medio Atrato','medio atrato choco 27425 27'),
(564,'CO','27','27430','Chocó','Medio Baudó','medio baudo choco 27430 27'),
(565,'CO','27','27450','Chocó','Medio San Juan','medio san juan choco 27450 27'),
(566,'CO','73','73449','Tolima','Melgar','melgar tolima 73449 73'),
(567,'CO','19','19450','Cauca','Mercaderes','mercaderes cauca 19450 19'),
(568,'CO','50','50330','Meta','Mesetas','mesetas meta 50330 50'),
(569,'CO','18','18460','Caquetá','Milán','milan caqueta 18460 18'),
(570,'CO','15','15455','Boyacá','Miraflores','miraflores boyaca 15455 15'),
(571,'CO','95','95200','Guaviare','Miraflores','miraflores guaviare 95200 95'),
(572,'CO','19','19455','Cauca','Miranda','miranda cauca 19455 19'),
(573,'CO','91','91460','Amazonas','Miriti - Paraná','miriti - parana amazonas 91460 91'),
(574,'CO','66','66456','Risaralda','Mistrató','mistrato risaralda 66456 66'),
(575,'CO','97','97001','Vaupés','Mitú','mitu vaupes 97001 97'),
(576,'CO','86','86001','Putumayo','Mocoa','mocoa putumayo 86001 86'),
(577,'CO','68','68464','Santander','Mogotes','mogotes santander 68464 68'),
(578,'CO','68','68468','Santander','Molagavita','molagavita santander 68468 68'),
(579,'CO','23','23464','Córdoba','Momil','momil cordoba 23464 23'),
(580,'CO','13','13468','Bolívar','Mompós','mompos bolivar 13468 13'),
(581,'CO','15','15464','Boyacá','Mongua','mongua boyaca 15464 15'),
(582,'CO','15','15466','Boyacá','Monguí','mongui boyaca 15466 15'),
(583,'CO','15','15469','Boyacá','Moniquirá','moniquira boyaca 15469 15'),
(584,'CO','05','05467','Antioquia','Montebello','montebello antioquia 05467 05'),
(585,'CO','13','13458','Bolívar','Montecristo','montecristo bolivar 13458 13'),
(586,'CO','23','23466','Córdoba','Montelíbano','montelibano cordoba 23466 23'),
(587,'CO','63','63470','Quindio','Montenegro','montenegro quindio 63470 63'),
(588,'CO','23','23001','Córdoba','Montería','monteria cordoba 23001 23'),
(589,'CO','85','85162','Casanare','Monterrey','monterrey casanare 85162 85'),
(590,'CO','23','23500','Córdoba','Moñitos','monitos cordoba 23500 23'),
(591,'CO','13','13473','Bolívar','Morales','morales bolivar 13473 13'),
(592,'CO','19','19473','Cauca','Morales','morales cauca 19473 19'),
(593,'CO','18','18479','Caquetá','Morelia','morelia caqueta 18479 18'),
(594,'CO','94','94888','Guainía','Morichal','morichal guainia 94888 94'),
(595,'CO','70','70473','Sucre','Morroa','morroa sucre 70473 70'),
(596,'CO','25','25473','Cundinamarca','Mosquera','mosquera cundinamarca 25473 25'),
(597,'CO','52','52473','Nariño','Mosquera','mosquera narino 52473 52'),
(598,'CO','15','15476','Boyacá','Motavita','motavita boyaca 15476 15'),
(599,'CO','73','73461','Tolima','Murillo','murillo tolima 73461 73'),
(600,'CO','05','05475','Antioquia','Murindó','murindo antioquia 05475 05'),
(601,'CO','05','05480','Antioquia','Mutatá','mutata antioquia 05480 05'),
(602,'CO','54','54480','Norte de Santander','Mutiscua','mutiscua norte de santander 54480 54'),
(603,'CO','15','15480','Boyacá','Muzo','muzo boyaca 15480 15'),
(604,'CO','05','05483','Antioquia','Nariño','narino antioquia 05483 05'),
(605,'CO','25','25483','Cundinamarca','Nariño','narino cundinamarca 25483 25'),
(606,'CO','52','52480','Nariño','Nariño','narino narino 52480 52'),
(607,'CO','41','41483','Huila','Nátaga','nataga huila 41483 41'),
(608,'CO','73','73483','Tolima','Natagaima','natagaima tolima 73483 73'),
(609,'CO','05','05495','Antioquia','Nechí','nechi antioquia 05495 05'),
(610,'CO','05','05490','Antioquia','Necoclí','necocli antioquia 05490 05'),
(611,'CO','17','17486','Caldas','Neira','neira caldas 17486 17'),
(612,'CO','41','41001','Huila','Neiva','neiva huila 41001 41'),
(613,'CO','25','25486','Cundinamarca','Nemocón','nemocon cundinamarca 25486 25'),
(614,'CO','25','25488','Cundinamarca','Nilo','nilo cundinamarca 25488 25'),
(615,'CO','25','25489','Cundinamarca','Nimaima','nimaima cundinamarca 25489 25'),
(616,'CO','15','15491','Boyacá','Nobsa','nobsa boyaca 15491 15'),
(617,'CO','25','25491','Cundinamarca','Nocaima','nocaima cundinamarca 25491 25'),
(618,'CO','17','17495','Caldas','Norcasia','norcasia caldas 17495 17'),
(619,'CO','27','27491','Chocó','Nóvita','novita choco 27491 27'),
(620,'CO','47','47460','Magdalena','Nueva Granada','nueva granada magdalena 47460 47'),
(621,'CO','15','15494','Boyacá','Nuevo Colón','nuevo colon boyaca 15494 15'),
(622,'CO','85','85225','Casanare','Nunchía','nunchia casanare 85225 85'),
(623,'CO','27','27495','Chocó','Nuquí','nuqui choco 27495 27'),
(624,'CO','76','76497','Valle del Cauca','Obando','obando valle del cauca 76497 76'),
(625,'CO','68','68498','Santander','Ocamonte','ocamonte santander 68498 68'),
(626,'CO','54','54498','Norte de Santander','Ocaña','ocana norte de santander 54498 54'),
(627,'CO','68','68500','Santander','Oiba','oiba santander 68500 68'),
(628,'CO','15','15500','Boyacá','Oicatá','oicata boyaca 15500 15'),
(629,'CO','05','05501','Antioquia','Olaya','olaya antioquia 05501 05'),
(630,'CO','52','52490','Nariño','Olaya Herrera','olaya herrera narino 52490 52'),
(631,'CO','68','68502','Santander','Onzaga','onzaga santander 68502 68'),
(632,'CO','41','41503','Huila','Oporapa','oporapa huila 41503 41'),
(633,'CO','86','86320','Putumayo','Orito','orito putumayo 86320 86'),
(634,'CO','85','85230','Casanare','Orocué','orocue casanare 85230 85'),
(635,'CO','73','73504','Tolima','Ortega','ortega tolima 73504 73'),
(636,'CO','52','52506','Nariño','Ospina','ospina narino 52506 52'),
(637,'CO','15','15507','Boyacá','Otanche','otanche boyaca 15507 15'),
(638,'CO','70','70508','Sucre','Ovejas','ovejas sucre 70508 70'),
(639,'CO','15','15511','Boyacá','Pachavita','pachavita boyaca 15511 15'),
(640,'CO','25','25513','Cundinamarca','Pacho','pacho cundinamarca 25513 25'),
(641,'CO','97','97511','Vaupés','Pacoa','pacoa vaupes 97511 97'),
(642,'CO','17','17513','Caldas','Pácora','pacora caldas 17513 17'),
(643,'CO','19','19513','Cauca','Padilla','padilla cauca 19513 19'),
(644,'CO','19','19517','Cauca','Paez','paez cauca 19517 19'),
(645,'CO','15','15514','Boyacá','Páez','paez boyaca 15514 15'),
(646,'CO','41','41518','Huila','Paicol','paicol huila 41518 41'),
(647,'CO','20','20517','Cesar','Pailitas','pailitas cesar 20517 20'),
(648,'CO','25','25518','Cundinamarca','Paime','paime cundinamarca 25518 25'),
(649,'CO','15','15516','Boyacá','Paipa','paipa boyaca 15516 15'),
(650,'CO','15','15518','Boyacá','Pajarito','pajarito boyaca 15518 15'),
(651,'CO','41','41524','Huila','Palermo','palermo huila 41524 41'),
(652,'CO','17','17524','Caldas','Palestina','palestina caldas 17524 17'),
(653,'CO','41','41530','Huila','Palestina','palestina huila 41530 41'),
(654,'CO','68','68522','Santander','Palmar','palmar santander 68522 68'),
(655,'CO','08','08520','Atlántico','Palmar De Varela','palmar de varela atlantico 08520 08'),
(656,'CO','68','68524','Santander','Palmas Del Socorro','palmas del socorro santander 68524 68'),
(657,'CO','76','76520','Valle del Cauca','Palmira','palmira valle del cauca 76520 76'),
(658,'CO','70','70523','Sucre','Palmito','palmito sucre 70523 70'),
(659,'CO','73','73520','Tolima','Palocabildo','palocabildo tolima 73520 73'),
(660,'CO','54','54518','Norte de Santander','Pamplona','pamplona norte de santander 54518 54'),
(661,'CO','54','54520','Norte de Santander','Pamplonita','pamplonita norte de santander 54520 54'),
(662,'CO','94','94887','Guainía','Pana Pana','pana pana guainia 94887 94'),
(663,'CO','25','25524','Cundinamarca','Pandi','pandi cundinamarca 25524 25'),
(664,'CO','15','15522','Boyacá','Panqueba','panqueba boyaca 15522 15'),
(665,'CO','97','97777','Vaupés','Papunaua','papunaua vaupes 97777 97'),
(666,'CO','68','68533','Santander','Páramo','paramo santander 68533 68'),
(667,'CO','25','25530','Cundinamarca','Paratebueno','paratebueno cundinamarca 25530 25'),
(668,'CO','25','25535','Cundinamarca','Pasca','pasca cundinamarca 25535 25'),
(669,'CO','52','52001','Nariño','Pasto','pasto narino 52001 52'),
(670,'CO','19','19532','Cauca','Patía','patia cauca 19532 19'),
(671,'CO','15','15531','Boyacá','Pauna','pauna boyaca 15531 15'),
(672,'CO','15','15533','Boyacá','Paya','paya boyaca 15533 15'),
(673,'CO','85','85250','Casanare','Paz De Ariporo','paz de ariporo casanare 85250 85'),
(674,'CO','15','15537','Boyacá','Paz De Río','paz de rio boyaca 15537 15'),
(675,'CO','47','47541','Magdalena','Pedraza','pedraza magdalena 47541 47'),
(676,'CO','20','20550','Cesar','Pelaya','pelaya cesar 20550 20'),
(677,'CO','17','17541','Caldas','Pensilvania','pensilvania caldas 17541 17'),
(678,'CO','05','05541','Antioquia','Peñol','penol antioquia 05541 05'),
(679,'CO','05','05543','Antioquia','Peque','peque antioquia 05543 05'),
(680,'CO','66','66001','Risaralda','Pereira','pereira risaralda 66001 66'),
(681,'CO','15','15542','Boyacá','Pesca','pesca boyaca 15542 15'),
(682,'CO','19','19533','Cauca','Piamonte','piamonte cauca 19533 19'),
(683,'CO','68','68547','Santander','Piedecuesta','piedecuesta santander 68547 68'),
(684,'CO','73','73547','Tolima','Piedras','piedras tolima 73547 73'),
(685,'CO','19','19548','Cauca','Piendamó','piendamo cauca 19548 19'),
(686,'CO','63','63548','Quindio','Pijao','pijao quindio 63548 63'),
(687,'CO','47','47545','Magdalena','Pijiño Del Carmen','pijino del carmen magdalena 47545 47'),
(688,'CO','68','68549','Santander','Pinchote','pinchote santander 68549 68'),
(689,'CO','13','13549','Bolívar','Pinillos','pinillos bolivar 13549 13'),
(690,'CO','08','08549','Atlántico','Piojó','piojo atlantico 08549 08'),
(691,'CO','15','15550','Boyacá','Pisba','pisba boyaca 15550 15'),
(692,'CO','41','41548','Huila','Pital','pital huila 41548 41'),
(693,'CO','41','41551','Huila','Pitalito','pitalito huila 41551 41'),
(694,'CO','47','47551','Magdalena','Pivijay','pivijay magdalena 47551 47'),
(695,'CO','73','73555','Tolima','Planadas','planadas tolima 73555 73'),
(696,'CO','23','23555','Córdoba','Planeta Rica','planeta rica cordoba 23555 23'),
(697,'CO','47','47555','Magdalena','Plato','plato magdalena 47555 47'),
(698,'CO','52','52540','Nariño','Policarpa','policarpa narino 52540 52'),
(699,'CO','08','08558','Atlántico','Polonuevo','polonuevo atlantico 08558 08'),
(700,'CO','08','08560','Atlántico','Ponedera','ponedera atlantico 08560 08'),
(701,'CO','19','19001','Cauca','Popayán','popayan cauca 19001 19'),
(702,'CO','85','85263','Casanare','Pore','pore casanare 85263 85'),
(703,'CO','52','52560','Nariño','Potosí','potosi narino 52560 52'),
(704,'CO','76','76563','Valle del Cauca','Pradera','pradera valle del cauca 76563 76'),
(705,'CO','73','73563','Tolima','Prado','prado tolima 73563 73'),
(706,'CO','52','52565','Nariño','Providencia','providencia narino 52565 52'),
(707,'CO','88','88564','Archipiélago de San Andrés, Providencia y Santa Ca','Providencia','providencia archipielago de san andres, providencia y santa ca 88564 88'),
(708,'CO','20','20570','Cesar','Pueblo Bello','pueblo bello cesar 20570 20'),
(709,'CO','23','23570','Córdoba','Pueblo Nuevo','pueblo nuevo cordoba 23570 23'),
(710,'CO','66','66572','Risaralda','Pueblo Rico','pueblo rico risaralda 66572 66'),
(711,'CO','05','05576','Antioquia','Pueblorrico','pueblorrico antioquia 05576 05'),
(712,'CO','47','47570','Magdalena','Puebloviejo','puebloviejo magdalena 47570 47'),
(713,'CO','68','68572','Santander','Puente Nacional','puente nacional santander 68572 68'),
(714,'CO','52','52573','Nariño','Puerres','puerres narino 52573 52'),
(715,'CO','91','91530','Amazonas','Puerto Alegría','puerto alegria amazonas 91530 91'),
(716,'CO','91','91536','Amazonas','Puerto Arica','puerto arica amazonas 91536 91'),
(717,'CO','86','86568','Putumayo','Puerto Asís','puerto asis putumayo 86568 86'),
(718,'CO','05','05579','Antioquia','Puerto Berrío','puerto berrio antioquia 05579 05'),
(719,'CO','15','15572','Boyacá','Puerto Boyacá','puerto boyaca boyaca 15572 15'),
(720,'CO','86','86569','Putumayo','Puerto Caicedo','puerto caicedo putumayo 86569 86'),
(721,'CO','99','99001','Vichada','Puerto Carreño','puerto carreno vichada 99001 99'),
(722,'CO','08','08573','Atlántico','Puerto Colombia','puerto colombia atlantico 08573 08'),
(723,'CO','94','94884','Guainía','Puerto Colombia','puerto colombia guainia 94884 94'),
(724,'CO','50','50450','Meta','Puerto Concordia','puerto concordia meta 50450 50'),
(725,'CO','23','23574','Córdoba','Puerto Escondido','puerto escondido cordoba 23574 23'),
(726,'CO','50','50568','Meta','Puerto Gaitán','puerto gaitan meta 50568 50'),
(727,'CO','86','86571','Putumayo','Puerto Guzmán','puerto guzman putumayo 86571 86'),
(728,'CO','23','23580','Córdoba','Puerto Libertador','puerto libertador cordoba 23580 23'),
(729,'CO','50','50577','Meta','Puerto Lleras','puerto lleras meta 50577 50'),
(730,'CO','50','50573','Meta','Puerto López','puerto lopez meta 50573 50'),
(731,'CO','05','05585','Antioquia','Puerto Nare','puerto nare antioquia 05585 05'),
(732,'CO','91','91540','Amazonas','Puerto Nariño','puerto narino amazonas 91540 91'),
(733,'CO','68','68573','Santander','Puerto Parra','puerto parra santander 68573 68'),
(734,'CO','18','18592','Caquetá','Puerto Rico','puerto rico caqueta 18592 18'),
(735,'CO','50','50590','Meta','Puerto Rico','puerto rico meta 50590 50'),
(736,'CO','81','81591','Arauca','Puerto Rondón','puerto rondon arauca 81591 81'),
(737,'CO','25','25572','Cundinamarca','Puerto Salgar','puerto salgar cundinamarca 25572 25'),
(738,'CO','54','54553','Norte de Santander','Puerto Santander','puerto santander norte de santander 54553 54'),
(739,'CO','91','91669','Amazonas','Puerto Santander','puerto santander amazonas 91669 91'),
(740,'CO','19','19573','Cauca','Puerto Tejada','puerto tejada cauca 19573 19'),
(741,'CO','05','05591','Antioquia','Puerto Triunfo','puerto triunfo antioquia 05591 05'),
(742,'CO','68','68575','Santander','Puerto Wilches','puerto wilches santander 68575 68'),
(743,'CO','25','25580','Cundinamarca','Pulí','puli cundinamarca 25580 25'),
(744,'CO','52','52585','Nariño','Pupiales','pupiales narino 52585 52'),
(745,'CO','19','19585','Cauca','Puracé','purace cauca 19585 19'),
(746,'CO','73','73585','Tolima','Purificación','purificacion tolima 73585 73'),
(747,'CO','23','23586','Córdoba','Purísima','purisima cordoba 23586 23'),
(748,'CO','25','25592','Cundinamarca','Quebradanegra','quebradanegra cundinamarca 25592 25'),
(749,'CO','25','25594','Cundinamarca','Quetame','quetame cundinamarca 25594 25'),
(750,'CO','27','27001','Chocó','Quibdó','quibdo choco 27001 27'),
(751,'CO','63','63594','Quindio','Quimbaya','quimbaya quindio 63594 63'),
(752,'CO','66','66594','Risaralda','Quinchía','quinchia risaralda 66594 66'),
(753,'CO','15','15580','Boyacá','Quípama','quipama boyaca 15580 15'),
(754,'CO','25','25596','Cundinamarca','Quipile','quipile cundinamarca 25596 25'),
(755,'CO','54','54599','Norte de Santander','Ragonvalia','ragonvalia norte de santander 54599 54'),
(756,'CO','15','15599','Boyacá','Ramiriquí','ramiriqui boyaca 15599 15'),
(757,'CO','15','15600','Boyacá','Ráquira','raquira boyaca 15600 15'),
(758,'CO','85','85279','Casanare','Recetor','recetor casanare 85279 85'),
(759,'CO','13','13580','Bolívar','Regidor','regidor bolivar 13580 13'),
(760,'CO','05','05604','Antioquia','Remedios','remedios antioquia 05604 05'),
(761,'CO','47','47605','Magdalena','Remolino','remolino magdalena 47605 47'),
(762,'CO','08','08606','Atlántico','Repelón','repelon atlantico 08606 08'),
(763,'CO','50','50606','Meta','Restrepo','restrepo meta 50606 50'),
(764,'CO','76','76606','Valle del Cauca','Restrepo','restrepo valle del cauca 76606 76'),
(765,'CO','05','05607','Antioquia','Retiro','retiro antioquia 05607 05'),
(766,'CO','25','25612','Cundinamarca','Ricaurte','ricaurte cundinamarca 25612 25'),
(767,'CO','52','52612','Nariño','Ricaurte','ricaurte narino 52612 52'),
(768,'CO','20','20614','Cesar','Río De Oro','rio de oro cesar 20614 20'),
(769,'CO','27','27580','Chocó','Río Iro','rio iro choco 27580 27'),
(770,'CO','27','27600','Chocó','Río Quito','rio quito choco 27600 27'),
(771,'CO','13','13600','Bolívar','Río Viejo','rio viejo bolivar 13600 13'),
(772,'CO','73','73616','Tolima','Rioblanco','rioblanco tolima 73616 73'),
(773,'CO','76','76616','Valle del Cauca','Riofrío','riofrio valle del cauca 76616 76'),
(774,'CO','44','44001','La Guajira','Riohacha','riohacha la guajira 44001 44'),
(775,'CO','05','05615','Antioquia','Rionegro','rionegro antioquia 05615 05'),
(776,'CO','68','68615','Santander','Rionegro','rionegro santander 68615 68'),
(777,'CO','17','17614','Caldas','Riosucio','riosucio caldas 17614 17'),
(778,'CO','27','27615','Chocó','Riosucio','riosucio choco 27615 27'),
(779,'CO','17','17616','Caldas','Risaralda','risaralda caldas 17616 17'),
(780,'CO','41','41615','Huila','Rivera','rivera huila 41615 41'),
(781,'CO','52','52621','Nariño','Roberto Payán','roberto payan narino 52621 52'),
(782,'CO','76','76622','Valle del Cauca','Roldanillo','roldanillo valle del cauca 76622 76'),
(783,'CO','73','73622','Tolima','Roncesvalles','roncesvalles tolima 73622 73'),
(784,'CO','15','15621','Boyacá','Rondón','rondon boyaca 15621 15'),
(785,'CO','19','19622','Cauca','Rosas','rosas cauca 19622 19'),
(786,'CO','73','73624','Tolima','Rovira','rovira tolima 73624 73'),
(787,'CO','68','68655','Santander','Sabana De Torres','sabana de torres santander 68655 68'),
(788,'CO','08','08634','Atlántico','Sabanagrande','sabanagrande atlantico 08634 08'),
(789,'CO','05','05628','Antioquia','Sabanalarga','sabanalarga antioquia 05628 05'),
(790,'CO','08','08638','Atlántico','Sabanalarga','sabanalarga atlantico 08638 08'),
(791,'CO','85','85300','Casanare','Sabanalarga','sabanalarga casanare 85300 85'),
(792,'CO','47','47660','Magdalena','Sabanas De San Angel','sabanas de san angel magdalena 47660 47'),
(793,'CO','05','05631','Antioquia','Sabaneta','sabaneta antioquia 05631 05'),
(794,'CO','15','15632','Boyacá','Saboyá','saboya boyaca 15632 15'),
(795,'CO','85','85315','Casanare','Sácama','sacama casanare 85315 85'),
(796,'CO','15','15638','Boyacá','Sáchica','sachica boyaca 15638 15'),
(797,'CO','23','23660','Córdoba','Sahagún','sahagun cordoba 23660 23'),
(798,'CO','41','41660','Huila','Saladoblanco','saladoblanco huila 41660 41'),
(799,'CO','17','17653','Caldas','Salamina','salamina caldas 17653 17'),
(800,'CO','47','47675','Magdalena','Salamina','salamina magdalena 47675 47'),
(801,'CO','54','54660','Norte de Santander','Salazar','salazar norte de santander 54660 54'),
(802,'CO','73','73671','Tolima','Saldaña','saldana tolima 73671 73'),
(803,'CO','63','63690','Quindio','Salento','salento quindio 63690 63'),
(804,'CO','05','05642','Antioquia','Salgar','salgar antioquia 05642 05'),
(805,'CO','15','15646','Boyacá','Samacá','samaca boyaca 15646 15'),
(806,'CO','17','17662','Caldas','Samaná','samana caldas 17662 17'),
(807,'CO','52','52678','Nariño','Samaniego','samaniego narino 52678 52'),
(808,'CO','70','70670','Sucre','Sampués','sampues sucre 70670 70'),
(809,'CO','41','41668','Huila','San Agustín','san agustin huila 41668 41'),
(810,'CO','20','20710','Cesar','San Alberto','san alberto cesar 20710 20'),
(811,'CO','05','05647','Antioquia','San Andrés','san andres antioquia 05647 05'),
(812,'CO','68','68669','Santander','San Andrés','san andres santander 68669 68'),
(813,'CO','88','88001','Archipiélago de San Andrés, Providencia y Santa Ca','San Andrés','san andres archipielago de san andres, providencia y santa ca 88001 88'),
(814,'CO','23','23670','Córdoba','San Andrés Sotavento','san andres sotavento cordoba 23670 23'),
(815,'CO','23','23672','Córdoba','San Antero','san antero cordoba 23672 23'),
(816,'CO','73','73675','Tolima','San Antonio','san antonio tolima 73675 73'),
(817,'CO','25','25645','Cundinamarca','San Antonio Del Tequendama','san antonio del tequendama cundinamarca 25645 25'),
(818,'CO','68','68673','Santander','San Benito','san benito santander 68673 68'),
(819,'CO','70','70678','Sucre','San Benito Abad','san benito abad sucre 70678 70'),
(820,'CO','25','25649','Cundinamarca','San Bernardo','san bernardo cundinamarca 25649 25'),
(821,'CO','52','52685','Nariño','San Bernardo','san bernardo narino 52685 52'),
(822,'CO','23','23675','Córdoba','San Bernardo Del Viento','san bernardo del viento cordoba 23675 23'),
(823,'CO','54','54670','Norte de Santander','San Calixto','san calixto norte de santander 54670 54'),
(824,'CO','05','05649','Antioquia','San Carlos','san carlos antioquia 05649 05'),
(825,'CO','23','23678','Córdoba','San Carlos','san carlos cordoba 23678 23'),
(826,'CO','50','50680','Meta','San Carlos De Guaroa','san carlos de guaroa meta 50680 50'),
(827,'CO','25','25653','Cundinamarca','San Cayetano','san cayetano cundinamarca 25653 25'),
(828,'CO','54','54673','Norte de Santander','San Cayetano','san cayetano norte de santander 54673 54'),
(829,'CO','13','13620','Bolívar','San Cristóbal','san cristobal bolivar 13620 13'),
(830,'CO','20','20750','Cesar','San Diego','san diego cesar 20750 20'),
(831,'CO','15','15660','Boyacá','San Eduardo','san eduardo boyaca 15660 15'),
(832,'CO','13','13647','Bolívar','San Estanislao','san estanislao bolivar 13647 13'),
(833,'CO','94','94883','Guainía','San Felipe','san felipe guainia 94883 94'),
(834,'CO','13','13650','Bolívar','San Fernando','san fernando bolivar 13650 13'),
(835,'CO','05','05652','Antioquia','San Francisco','san francisco antioquia 05652 05'),
(836,'CO','25','25658','Cundinamarca','San Francisco','san francisco cundinamarca 25658 25'),
(837,'CO','86','86755','Putumayo','San Francisco','san francisco putumayo 86755 86'),
(838,'CO','68','68679','Santander','San Gil','san gil santander 68679 68'),
(839,'CO','13','13654','Bolívar','San Jacinto','san jacinto bolivar 13654 13'),
(840,'CO','13','13655','Bolívar','San Jacinto Del Cauca','san jacinto del cauca bolivar 13655 13'),
(841,'CO','05','05656','Antioquia','San Jerónimo','san jeronimo antioquia 05656 05'),
(842,'CO','68','68682','Santander','San Joaquín','san joaquin santander 68682 68'),
(843,'CO','17','17665','Caldas','San José','san jose caldas 17665 17'),
(844,'CO','05','05658','Antioquia','San José De La Montaña','san jose de la montana antioquia 05658 05'),
(845,'CO','68','68684','Santander','San José De Miranda','san jose de miranda santander 68684 68'),
(846,'CO','15','15664','Boyacá','San José De Pare','san jose de pare boyaca 15664 15'),
(847,'CO','18','18610','Caquetá','San José Del Fragua','san jose del fragua caqueta 18610 18'),
(848,'CO','95','95001','Guaviare','San José Del Guaviare','san jose del guaviare guaviare 95001 95'),
(849,'CO','27','27660','Chocó','San José Del Palmar','san jose del palmar choco 27660 27'),
(850,'CO','50','50683','Meta','San Juan De Arama','san juan de arama meta 50683 50'),
(851,'CO','70','70702','Sucre','San Juan De Betulia','san juan de betulia sucre 70702 70'),
(852,'CO','25','25662','Cundinamarca','San Juan De Río Seco','san juan de rio seco cundinamarca 25662 25'),
(853,'CO','05','05659','Antioquia','San Juan De Urabá','san juan de uraba antioquia 05659 05'),
(854,'CO','44','44650','La Guajira','San Juan Del Cesar','san juan del cesar la guajira 44650 44'),
(855,'CO','13','13657','Bolívar','San Juan Nepomuceno','san juan nepomuceno bolivar 13657 13'),
(856,'CO','50','50686','Meta','San Juanito','san juanito meta 50686 50'),
(857,'CO','52','52687','Nariño','San Lorenzo','san lorenzo narino 52687 52'),
(858,'CO','05','05660','Antioquia','San Luis','san luis antioquia 05660 05'),
(859,'CO','73','73678','Tolima','San Luis','san luis tolima 73678 73'),
(860,'CO','15','15667','Boyacá','San Luis De Gaceno','san luis de gaceno boyaca 15667 15'),
(861,'CO','85','85325','Casanare','San Luis De Palenque','san luis de palenque casanare 85325 85'),
(862,'CO','70','70708','Sucre','San Marcos','san marcos sucre 70708 70'),
(863,'CO','20','20770','Cesar','San Martín','san martin cesar 20770 20'),
(864,'CO','50','50689','Meta','San Martín','san martin meta 50689 50'),
(865,'CO','13','13667','Bolívar','San Martín De Loba','san martin de loba bolivar 13667 13'),
(866,'CO','15','15673','Boyacá','San Mateo','san mateo boyaca 15673 15'),
(867,'CO','68','68686','Santander','San Miguel','san miguel santander 68686 68'),
(868,'CO','86','86757','Putumayo','San Miguel','san miguel putumayo 86757 86'),
(869,'CO','15','15676','Boyacá','San Miguel De Sema','san miguel de sema boyaca 15676 15'),
(870,'CO','70','70713','Sucre','San Onofre','san onofre sucre 70713 70'),
(871,'CO','13','13670','Bolívar','San Pablo','san pablo bolivar 13670 13'),
(872,'CO','52','52693','Nariño','San Pablo','san pablo narino 52693 52'),
(873,'CO','15','15681','Boyacá','San Pablo De Borbur','san pablo de borbur boyaca 15681 15'),
(874,'CO','05','05664','Antioquia','San Pedro','san pedro antioquia 05664 05'),
(875,'CO','70','70717','Sucre','San Pedro','san pedro sucre 70717 70'),
(876,'CO','76','76670','Valle del Cauca','San Pedro','san pedro valle del cauca 76670 76'),
(877,'CO','52','52694','Nariño','San Pedro De Cartago','san pedro de cartago narino 52694 52'),
(878,'CO','05','05665','Antioquia','San Pedro De Uraba','san pedro de uraba antioquia 05665 05'),
(879,'CO','23','23686','Córdoba','San Pelayo','san pelayo cordoba 23686 23'),
(880,'CO','05','05667','Antioquia','San Rafael','san rafael antioquia 05667 05'),
(881,'CO','05','05670','Antioquia','San Roque','san roque antioquia 05670 05'),
(882,'CO','19','19693','Cauca','San Sebastián','san sebastian cauca 19693 19'),
(883,'CO','47','47692','Magdalena','San Sebastián De Buenavista','san sebastian de buenavista magdalena 47692 47'),
(884,'CO','05','05674','Antioquia','San Vicente','san vicente antioquia 05674 05'),
(885,'CO','68','68689','Santander','San Vicente De Chucurí','san vicente de chucuri santander 68689 68'),
(886,'CO','18','18753','Caquetá','San Vicente Del Caguán','san vicente del caguan caqueta 18753 18'),
(887,'CO','47','47703','Magdalena','San Zenón','san zenon magdalena 47703 47'),
(888,'CO','52','52683','Nariño','Sandoná','sandona narino 52683 52'),
(889,'CO','47','47707','Magdalena','Santa Ana','santa ana magdalena 47707 47'),
(890,'CO','05','05679','Antioquia','Santa Bárbara','santa barbara antioquia 05679 05'),
(891,'CO','52','52696','Nariño','Santa Bárbara','santa barbara narino 52696 52'),
(892,'CO','68','68705','Santander','Santa Bárbara','santa barbara santander 68705 68'),
(893,'CO','47','47720','Magdalena','Santa Bárbara De Pinto','santa barbara de pinto magdalena 47720 47'),
(894,'CO','13','13673','Bolívar','Santa Catalina','santa catalina bolivar 13673 13'),
(895,'CO','68','68720','Santander','Santa Helena Del Opón','santa helena del opon santander 68720 68'),
(896,'CO','73','73686','Tolima','Santa Isabel','santa isabel tolima 73686 73'),
(897,'CO','08','08675','Atlántico','Santa Lucía','santa lucia atlantico 08675 08'),
(898,'CO','15','15690','Boyacá','Santa María','santa maria boyaca 15690 15'),
(899,'CO','41','41676','Huila','Santa María','santa maria huila 41676 41'),
(900,'CO','47','47001','Magdalena','Santa Marta','santa marta magdalena 47001 47'),
(901,'CO','13','13683','Bolívar','Santa Rosa','santa rosa bolivar 13683 13'),
(902,'CO','19','19701','Cauca','Santa Rosa','santa rosa cauca 19701 19'),
(903,'CO','66','66682','Risaralda','Santa Rosa De Cabal','santa rosa de cabal risaralda 66682 66'),
(904,'CO','05','05686','Antioquia','Santa Rosa De Osos','santa rosa de osos antioquia 05686 05'),
(905,'CO','15','15693','Boyacá','Santa Rosa De Viterbo','santa rosa de viterbo boyaca 15693 15'),
(906,'CO','13','13688','Bolívar','Santa Rosa Del Sur','santa rosa del sur bolivar 13688 13'),
(907,'CO','99','99624','Vichada','Santa Rosalía','santa rosalia vichada 99624 99'),
(908,'CO','15','15696','Boyacá','Santa Sofía','santa sofia boyaca 15696 15'),
(909,'CO','52','52699','Nariño','Santacruz','santacruz narino 52699 52'),
(910,'CO','05','05042','Antioquia','Santafé De Antioquia','santafe de antioquia antioquia 05042 05'),
(911,'CO','15','15686','Boyacá','Santana','santana boyaca 15686 15'),
(912,'CO','19','19698','Cauca','Santander De Quilichao','santander de quilichao cauca 19698 19'),
(913,'CO','54','54680','Norte de Santander','Santiago','santiago norte de santander 54680 54'),
(914,'CO','86','86760','Putumayo','Santiago','santiago putumayo 86760 86'),
(915,'CO','70','70820','Sucre','Santiago De Tolú','santiago de tolu sucre 70820 70'),
(916,'CO','05','05690','Antioquia','Santo Domingo','santo domingo antioquia 05690 05'),
(917,'CO','08','08685','Atlántico','Santo Tomás','santo tomas atlantico 08685 08'),
(918,'CO','66','66687','Risaralda','Santuario','santuario risaralda 66687 66'),
(919,'CO','52','52720','Nariño','Sapuyes','sapuyes narino 52720 52'),
(920,'CO','81','81736','Arauca','Saravena','saravena arauca 81736 81'),
(921,'CO','54','54720','Norte de Santander','Sardinata','sardinata norte de santander 54720 54'),
(922,'CO','25','25718','Cundinamarca','Sasaima','sasaima cundinamarca 25718 25'),
(923,'CO','15','15720','Boyacá','Sativanorte','sativanorte boyaca 15720 15'),
(924,'CO','15','15723','Boyacá','Sativasur','sativasur boyaca 15723 15'),
(925,'CO','05','05736','Antioquia','Segovia','segovia antioquia 05736 05'),
(926,'CO','25','25736','Cundinamarca','Sesquilé','sesquile cundinamarca 25736 25'),
(927,'CO','76','76736','Valle del Cauca','Sevilla','sevilla valle del cauca 76736 76'),
(928,'CO','15','15740','Boyacá','Siachoque','siachoque boyaca 15740 15'),
(929,'CO','25','25740','Cundinamarca','Sibaté','sibate cundinamarca 25740 25'),
(930,'CO','86','86749','Putumayo','Sibundoy','sibundoy putumayo 86749 86'),
(931,'CO','54','54743','Norte de Santander','Silos','silos norte de santander 54743 54'),
(932,'CO','25','25743','Cundinamarca','Silvania','silvania cundinamarca 25743 25'),
(933,'CO','19','19743','Cauca','Silvia','silvia cauca 19743 19'),
(934,'CO','68','68745','Santander','Simacota','simacota santander 68745 68'),
(935,'CO','25','25745','Cundinamarca','Simijaca','simijaca cundinamarca 25745 25'),
(936,'CO','13','13744','Bolívar','Simití','simiti bolivar 13744 13'),
(937,'CO','70','70742','Sucre','Sincé','since sucre 70742 70'),
(938,'CO','70','70001','Sucre','Sincelejo','sincelejo sucre 70001 70'),
(939,'CO','27','27745','Chocó','Sipí','sipi choco 27745 27'),
(940,'CO','47','47745','Magdalena','Sitionuevo','sitionuevo magdalena 47745 47'),
(941,'CO','25','25754','Cundinamarca','Soacha','soacha cundinamarca 25754 25'),
(942,'CO','15','15753','Boyacá','Soatá','soata boyaca 15753 15'),
(943,'CO','15','15757','Boyacá','Socha','socha boyaca 15757 15'),
(944,'CO','68','68755','Santander','Socorro','socorro santander 68755 68'),
(945,'CO','15','15755','Boyacá','Socotá','socota boyaca 15755 15'),
(946,'CO','15','15759','Boyacá','Sogamoso','sogamoso boyaca 15759 15'),
(947,'CO','18','18756','Caquetá','Solano','solano caqueta 18756 18'),
(948,'CO','08','08758','Atlántico','Soledad','soledad atlantico 08758 08'),
(949,'CO','18','18785','Caquetá','Solita','solita caqueta 18785 18'),
(950,'CO','15','15761','Boyacá','Somondoco','somondoco boyaca 15761 15'),
(951,'CO','05','05756','Antioquia','Sonson','sonson antioquia 05756 05'),
(952,'CO','05','05761','Antioquia','Sopetrán','sopetran antioquia 05761 05'),
(953,'CO','13','13760','Bolívar','Soplaviento','soplaviento bolivar 13760 13'),
(954,'CO','25','25758','Cundinamarca','Sopó','sopo cundinamarca 25758 25'),
(955,'CO','15','15762','Boyacá','Sora','sora boyaca 15762 15'),
(956,'CO','15','15764','Boyacá','Soracá','soraca boyaca 15764 15'),
(957,'CO','15','15763','Boyacá','Sotaquirá','sotaquira boyaca 15763 15'),
(958,'CO','19','19760','Cauca','Sotara','sotara cauca 19760 19'),
(959,'CO','68','68770','Santander','Suaita','suaita santander 68770 68'),
(960,'CO','08','08770','Atlántico','Suan','suan atlantico 08770 08'),
(961,'CO','19','19780','Cauca','Suárez','suarez cauca 19780 19'),
(962,'CO','73','73770','Tolima','Suárez','suarez tolima 73770 73'),
(963,'CO','41','41770','Huila','Suaza','suaza huila 41770 41'),
(964,'CO','25','25769','Cundinamarca','Subachoque','subachoque cundinamarca 25769 25'),
(965,'CO','19','19785','Cauca','Sucre','sucre cauca 19785 19'),
(966,'CO','68','68773','Santander','Sucre','sucre santander 68773 68'),
(967,'CO','70','70771','Sucre','Sucre','sucre sucre 70771 70'),
(968,'CO','25','25772','Cundinamarca','Suesca','suesca cundinamarca 25772 25'),
(969,'CO','25','25777','Cundinamarca','Supatá','supata cundinamarca 25777 25'),
(970,'CO','17','17777','Caldas','Supía','supia caldas 17777 17'),
(971,'CO','68','68780','Santander','Suratá','surata santander 68780 68'),
(972,'CO','25','25779','Cundinamarca','Susa','susa cundinamarca 25779 25'),
(973,'CO','15','15774','Boyacá','Susacón','susacon boyaca 15774 15'),
(974,'CO','15','15776','Boyacá','Sutamarchán','sutamarchan boyaca 15776 15'),
(975,'CO','25','25781','Cundinamarca','Sutatausa','sutatausa cundinamarca 25781 25'),
(976,'CO','15','15778','Boyacá','Sutatenza','sutatenza boyaca 15778 15'),
(977,'CO','25','25785','Cundinamarca','Tabio','tabio cundinamarca 25785 25'),
(978,'CO','27','27787','Chocó','Tadó','tado choco 27787 27'),
(979,'CO','13','13780','Bolívar','Talaigua Nuevo','talaigua nuevo bolivar 13780 13'),
(980,'CO','20','20787','Cesar','Tamalameque','tamalameque cesar 20787 20'),
(981,'CO','85','85400','Casanare','Támara','tamara casanare 85400 85'),
(982,'CO','81','81794','Arauca','Tame','tame arauca 81794 81'),
(983,'CO','05','05789','Antioquia','Támesis','tamesis antioquia 05789 05'),
(984,'CO','52','52786','Nariño','Taminango','taminango narino 52786 52'),
(985,'CO','52','52788','Nariño','Tangua','tangua narino 52788 52'),
(986,'CO','97','97666','Vaupés','Taraira','taraira vaupes 97666 97'),
(987,'CO','91','91798','Amazonas','Tarapacá','tarapaca amazonas 91798 91'),
(988,'CO','05','05790','Antioquia','Tarazá','taraza antioquia 05790 05'),
(989,'CO','41','41791','Huila','Tarqui','tarqui huila 41791 41'),
(990,'CO','05','05792','Antioquia','Tarso','tarso antioquia 05792 05'),
(991,'CO','15','15790','Boyacá','Tasco','tasco boyaca 15790 15'),
(992,'CO','85','85410','Casanare','Tauramena','tauramena casanare 85410 85'),
(993,'CO','25','25793','Cundinamarca','Tausa','tausa cundinamarca 25793 25'),
(994,'CO','41','41799','Huila','Tello','tello huila 41799 41'),
(995,'CO','25','25797','Cundinamarca','Tena','tena cundinamarca 25797 25'),
(996,'CO','47','47798','Magdalena','Tenerife','tenerife magdalena 47798 47'),
(997,'CO','25','25799','Cundinamarca','Tenjo','tenjo cundinamarca 25799 25'),
(998,'CO','15','15798','Boyacá','Tenza','tenza boyaca 15798 15'),
(999,'CO','54','54800','Norte de Santander','Teorama','teorama norte de santander 54800 54'),
(1000,'CO','41','41801','Huila','Teruel','teruel huila 41801 41'),
(1001,'CO','41','41797','Huila','Tesalia','tesalia huila 41797 41'),
(1002,'CO','25','25805','Cundinamarca','Tibacuy','tibacuy cundinamarca 25805 25'),
(1003,'CO','15','15804','Boyacá','Tibaná','tibana boyaca 15804 15'),
(1004,'CO','15','15806','Boyacá','Tibasosa','tibasosa boyaca 15806 15'),
(1005,'CO','25','25807','Cundinamarca','Tibirita','tibirita cundinamarca 25807 25'),
(1006,'CO','54','54810','Norte de Santander','Tibú','tibu norte de santander 54810 54'),
(1007,'CO','23','23807','Córdoba','Tierralta','tierralta cordoba 23807 23'),
(1008,'CO','41','41807','Huila','Timaná','timana huila 41807 41'),
(1009,'CO','19','19807','Cauca','Timbío','timbio cauca 19807 19'),
(1010,'CO','19','19809','Cauca','Timbiquí','timbiqui cauca 19809 19'),
(1011,'CO','15','15808','Boyacá','Tinjacá','tinjaca boyaca 15808 15'),
(1012,'CO','15','15810','Boyacá','Tipacoque','tipacoque boyaca 15810 15'),
(1013,'CO','13','13810','Bolívar','Tiquisio','tiquisio bolivar 13810 13'),
(1014,'CO','05','05809','Antioquia','Titiribí','titiribi antioquia 05809 05'),
(1015,'CO','15','15814','Boyacá','Toca','toca boyaca 15814 15'),
(1016,'CO','25','25815','Cundinamarca','Tocaima','tocaima cundinamarca 25815 25'),
(1017,'CO','25','25817','Cundinamarca','Tocancipá','tocancipa cundinamarca 25817 25'),
(1018,'CO','15','15816','Boyacá','Togüí','togui boyaca 15816 15'),
(1019,'CO','05','05819','Antioquia','Toledo','toledo antioquia 05819 05'),
(1020,'CO','54','54820','Norte de Santander','Toledo','toledo norte de santander 54820 54'),
(1021,'CO','70','70823','Sucre','Tolú Viejo','tolu viejo sucre 70823 70'),
(1022,'CO','68','68820','Santander','Tona','tona santander 68820 68'),
(1023,'CO','15','15820','Boyacá','Tópaga','topaga boyaca 15820 15'),
(1024,'CO','25','25823','Cundinamarca','Topaipí','topaipi cundinamarca 25823 25'),
(1025,'CO','19','19821','Cauca','Toribio','toribio cauca 19821 19'),
(1026,'CO','76','76823','Valle del Cauca','Toro','toro valle del cauca 76823 76'),
(1027,'CO','15','15822','Boyacá','Tota','tota boyaca 15822 15'),
(1028,'CO','19','19824','Cauca','Totoró','totoro cauca 19824 19'),
(1029,'CO','85','85430','Casanare','Trinidad','trinidad casanare 85430 85'),
(1030,'CO','76','76828','Valle del Cauca','Trujillo','trujillo valle del cauca 76828 76'),
(1031,'CO','08','08832','Atlántico','Tubará','tubara atlantico 08832 08'),
(1032,'CO','76','76834','Valle del Cauca','Tuluá','tulua valle del cauca 76834 76'),
(1033,'CO','52','52835','Nariño','Tumaco','tumaco narino 52835 52'),
(1034,'CO','15','15001','Boyacá','Tunja','tunja boyaca 15001 15'),
(1035,'CO','15','15832','Boyacá','Tununguá','tunungua boyaca 15832 15'),
(1036,'CO','52','52838','Nariño','Túquerres','tuquerres narino 52838 52'),
(1037,'CO','13','13836','Bolívar','Turbaco','turbaco bolivar 13836 13'),
(1038,'CO','13','13838','Bolívar','Turbaná','turbana bolivar 13838 13'),
(1039,'CO','05','05837','Antioquia','Turbo','turbo antioquia 05837 05'),
(1040,'CO','15','15835','Boyacá','Turmequé','turmeque boyaca 15835 15'),
(1041,'CO','15','15837','Boyacá','Tuta','tuta boyaca 15837 15'),
(1042,'CO','15','15839','Boyacá','Tutazá','tutaza boyaca 15839 15'),
(1043,'CO','25','25839','Cundinamarca','Ubalá','ubala cundinamarca 25839 25'),
(1044,'CO','25','25841','Cundinamarca','Ubaque','ubaque cundinamarca 25841 25'),
(1045,'CO','76','76845','Valle del Cauca','Ulloa','ulloa valle del cauca 76845 76'),
(1046,'CO','15','15842','Boyacá','Umbita','umbita boyaca 15842 15'),
(1047,'CO','25','25845','Cundinamarca','Une','une cundinamarca 25845 25'),
(1048,'CO','27','27800','Chocó','Unguía','unguia choco 27800 27'),
(1049,'CO','27','27810','Chocó','Unión Panamericana','union panamericana choco 27810 27'),
(1050,'CO','05','05842','Antioquia','Uramita','uramita antioquia 05842 05'),
(1051,'CO','50','50370','Meta','Uribe','uribe meta 50370 50'),
(1052,'CO','44','44847','La Guajira','Uribia','uribia la guajira 44847 44'),
(1053,'CO','05','05847','Antioquia','Urrao','urrao antioquia 05847 05'),
(1054,'CO','44','44855','La Guajira','Urumita','urumita la guajira 44855 44'),
(1055,'CO','08','08849','Atlántico','Usiacurí','usiacuri atlantico 08849 08'),
(1056,'CO','25','25851','Cundinamarca','Útica','utica cundinamarca 25851 25'),
(1057,'CO','05','05854','Antioquia','Valdivia','valdivia antioquia 05854 05'),
(1058,'CO','23','23855','Córdoba','Valencia','valencia cordoba 23855 23'),
(1059,'CO','68','68855','Santander','Valle De San José','valle de san jose santander 68855 68'),
(1060,'CO','73','73854','Tolima','Valle De San Juan','valle de san juan tolima 73854 73'),
(1061,'CO','86','86865','Putumayo','Valle Del Guamuez','valle del guamuez putumayo 86865 86'),
(1062,'CO','20','20001','Cesar','Valledupar','valledupar cesar 20001 20'),
(1063,'CO','05','05856','Antioquia','Valparaíso','valparaiso antioquia 05856 05'),
(1064,'CO','18','18860','Caquetá','Valparaíso','valparaiso caqueta 18860 18'),
(1065,'CO','05','05858','Antioquia','Vegachí','vegachi antioquia 05858 05'),
(1066,'CO','68','68861','Santander','Vélez','velez santander 68861 68'),
(1067,'CO','73','73861','Tolima','Venadillo','venadillo tolima 73861 73'),
(1068,'CO','05','05861','Antioquia','Venecia','venecia antioquia 05861 05'),
(1069,'CO','25','25506','Cundinamarca','Venecia','venecia cundinamarca 25506 25'),
(1070,'CO','15','15861','Boyacá','Ventaquemada','ventaquemada boyaca 15861 15'),
(1071,'CO','25','25862','Cundinamarca','Vergara','vergara cundinamarca 25862 25'),
(1072,'CO','76','76863','Valle del Cauca','Versalles','versalles valle del cauca 76863 76'),
(1073,'CO','68','68867','Santander','Vetas','vetas santander 68867 68'),
(1074,'CO','25','25867','Cundinamarca','Vianí','viani cundinamarca 25867 25'),
(1075,'CO','17','17867','Caldas','Victoria','victoria caldas 17867 17'),
(1076,'CO','05','05873','Antioquia','Vigía Del Fuerte','vigia del fuerte antioquia 05873 05'),
(1077,'CO','76','76869','Valle del Cauca','Vijes','vijes valle del cauca 76869 76'),
(1078,'CO','54','54871','Norte de Santander','Villa Caro','villa caro norte de santander 54871 54'),
(1079,'CO','15','15407','Boyacá','Villa De Leyva','villa de leyva boyaca 15407 15'),
(1080,'CO','25','25843','Cundinamarca','Villa De San Diego De Ubate','villa de san diego de ubate cundinamarca 25843 25'),
(1081,'CO','54','54874','Norte de Santander','Villa Del Rosario','villa del rosario norte de santander 54874 54'),
(1082,'CO','19','19845','Cauca','Villa Rica','villa rica cauca 19845 19'),
(1083,'CO','86','86885','Putumayo','Villagarzón','villagarzon putumayo 86885 86'),
(1084,'CO','25','25871','Cundinamarca','Villagómez','villagomez cundinamarca 25871 25'),
(1085,'CO','73','73870','Tolima','Villahermosa','villahermosa tolima 73870 73'),
(1086,'CO','17','17873','Caldas','Villamaría','villamaria caldas 17873 17'),
(1087,'CO','13','13873','Bolívar','Villanueva','villanueva bolivar 13873 13'),
(1088,'CO','44','44874','La Guajira','Villanueva','villanueva la guajira 44874 44'),
(1089,'CO','68','68872','Santander','Villanueva','villanueva santander 68872 68'),
(1090,'CO','85','85440','Casanare','Villanueva','villanueva casanare 85440 85'),
(1091,'CO','25','25873','Cundinamarca','Villapinzón','villapinzon cundinamarca 25873 25'),
(1092,'CO','73','73873','Tolima','Villarrica','villarrica tolima 73873 73'),
(1093,'CO','50','50001','Meta','Villavicencio','villavicencio meta 50001 50'),
(1094,'CO','41','41872','Huila','Villavieja','villavieja huila 41872 41'),
(1095,'CO','25','25875','Cundinamarca','Villeta','villeta cundinamarca 25875 25'),
(1096,'CO','25','25878','Cundinamarca','Viotá','viota cundinamarca 25878 25'),
(1097,'CO','15','15879','Boyacá','Viracachá','viracacha boyaca 15879 15'),
(1098,'CO','50','50711','Meta','Vistahermosa','vistahermosa meta 50711 50'),
(1099,'CO','17','17877','Caldas','Viterbo','viterbo caldas 17877 17'),
(1100,'CO','25','25885','Cundinamarca','Yacopí','yacopi cundinamarca 25885 25'),
(1101,'CO','52','52885','Nariño','Yacuanquer','yacuanquer narino 52885 52'),
(1102,'CO','41','41885','Huila','Yaguará','yaguara huila 41885 41'),
(1103,'CO','05','05885','Antioquia','Yalí','yali antioquia 05885 05'),
(1104,'CO','05','05887','Antioquia','Yarumal','yarumal antioquia 05887 05'),
(1105,'CO','97','97889','Vaupés','Yavaraté','yavarate vaupes 97889 97'),
(1106,'CO','05','05890','Antioquia','Yolombó','yolombo antioquia 05890 05'),
(1107,'CO','05','05893','Antioquia','Yondó','yondo antioquia 05893 05'),
(1108,'CO','85','85001','Casanare','Yopal','yopal casanare 85001 85'),
(1109,'CO','76','76890','Valle del Cauca','Yotoco','yotoco valle del cauca 76890 76'),
(1110,'CO','76','76892','Valle del Cauca','Yumbo','yumbo valle del cauca 76892 76'),
(1111,'CO','13','13894','Bolívar','Zambrano','zambrano bolivar 13894 13'),
(1112,'CO','68','68895','Santander','Zapatoca','zapatoca santander 68895 68'),
(1113,'CO','47','47960','Magdalena','Zapayán','zapayan magdalena 47960 47'),
(1114,'CO','05','05895','Antioquia','Zaragoza','zaragoza antioquia 05895 05'),
(1115,'CO','76','76895','Valle del Cauca','Zarzal','zarzal valle del cauca 76895 76'),
(1116,'CO','15','15897','Boyacá','Zetaquira','zetaquira boyaca 15897 15'),
(1117,'CO','25','25898','Cundinamarca','Zipacón','zipacon cundinamarca 25898 25'),
(1118,'CO','25','25899','Cundinamarca','Zipaquirá','zipaquira cundinamarca 25899 25'),
(1119,'CO','47','47980','Magdalena','Zona Bananera','zona bananera magdalena 47980 47'),
(1120,'CO','19','19300','Cauca','Guachené','guachene cauca 19300 19'),
(1121,'CO','23','23682','Córdoba','San José de Uré','san jose de ure cordoba 23682 23'),
(1122,'CO','13','13490','Bolívar','Norosí','norosi bolivar 13490 13'),
(1123,'CO','23','23815','Córdoba','Tuchín','tuchin cordoba 23815 23');
